candidate,word
artes,programa
artes,gobierno
artes,candidatura
artes,presidencial
artes,eduardo
artes,art
artes,brichetti
artes,partido
artes,uni
artes,patri
artes,upa
artes,elecci
artes,presidencial
artes,presente
artes,programa
artes,gobierno
artes,contiene
artes,lineamientos
artes,generales
artes,centrales
artes,candidatura
artes,presidencia
artes,rep
artes,chile
artes,eduardo
artes,art
artes,brichetti
artes,candidato
artes,presidencial
artes,partido
artes,uni
artes,patri
artes,upa
artes,elecci
artes,presidencial
artes,realizarse
artes,a
artes,puntos
artes,abajo
artes,expuestos
artes,marco
artes,centro
artes,program
artes,realizaci
artes,asamblea
artes,constituyente
artes,resultado
artes,constituci
artes,pol
artes,chile
artes,deja
artes,sentado
artes,medida
artes,convocaci
artes,habitantes
artes,pa
artes,particularmente
artes,trabajadores
artes,pueblos
artes,chile
artes,gobierno
artes,patri
artes,popular
artes,encabezado
artes,eduardo
artes,art
artes,brichetti
artes,realizaci
artes,propuesta
artes,asamblea
artes,constituyente
artes,recuperaci
artes,recursos
artes,naturales
artes,gobierno
artes,patri
artes,popular
artes,pondr
artes,centro
artes,actividad
artes,nacionalizaci
artes,recursos
artes,naturales
artes,base
artes,fundamental
artes,contar
artes,recursos
artes,materiales
artes,chile
artes,grande
artes,popular
artes,reclama
artes,realidad
artes,pasaran
artes,propiedad
artes,nacional
artes,estatal
artes,agua
artes,gas
artes,cobre
artes,litio
artes,bosques
artes,mar
artes,peces
artes,banquete
artes,compa
artes,extraen
artes,dejar
artes,ganancias
artes,chile
artes,industrializaci
artes,nacional
artes,procesar
artes,darle
artes,agregado
artes,recursos
artes,naturales
artes,producir
artes,m
artes,insumos
artes,desarrollar
artes,econom
artes,s
artes,fortalecemos
artes,chile
artes,independiente
artes,dependa
artes,importaci
artes,generando
artes,consumo
artes,gente
artes,llamado
artes,mercado
artes,capitales
artes,banca
artes,instituciones
artes,financieras
artes,pasaran
artes,manos
artes,gestionaran
artes,plan
artes,desarrollo
artes,construcci
artes,nacional
artes,repatriara
artes,fondos
artes,capitales
artes,empresas
artes,particulares
artes,depositados
artes,extranjero
artes,coloc
artes,ben
artes,desarrollo
artes,social
artes,econ
artes,creadores
artes,verdaderos
artes,due
artes,trabajadores
artes,pueblos
artes,chile
artes,reevaluaci
artes,tratados
artes,internacionales
artes,tratados
artes,econ
artes,comerciales
artes,diversos
artes,tipos
artes,militares
artes,culturales
artes,etc
artes,socaven
artes,econom
artes,soberan
artes,cultura
artes,nacional
artes,reevaluados
artes,invalidados
artes,protegeremos
artes,desarrollaremos
artes,soberan
artes,libertad
artes,desarrollo
artes,social
artes,impidiendo
artes,malogradas
artes,intereses
artes,potencias
artes,imperialistas
artes,escalaf
artes,nico
artes,ff
artes,orden
artes,democratizaremos
artes,ascenso
artes,rangos
artes,calificaci
artes,educacional
artes,disciplinaria
artes,m
artes,muestren
artes,integrantes
artes,posibilitando
artes,espacios
artes,medios
artes,integrantes
artes,ffaa
artes,orden
artes,diferencia
artes,odiosa
artes,social
artes,religiosa
artes,puedan
artes,ascender
artes,cursos
artes,etc
artes,posibiliten
artes,movilidad
artes,ascenso
artes,conservara
artes,car
artes,vertical
artes,caracteriza
artes,fuerzas
artes,profesionales
artes,eliminaremos
artes,odiosa
artes,discriminaci
artes,desigualdad
artes,oficiales
artes,suboficiales
artes,implantara
artes,escalaf
artes,nico
artes,buscamos
artes,integraci
artes,vida
artes,social
artes,junta
artes,vecinos
artes,clubes
artes,barriales
artes,centros
artes,estudiantiles
artes,etc
artes,fuerzas
artes,armadas
artes,orden
artes,vida
artes,pueblo
artes,chile
artes,ajenas
artes,actuar
artes,justicia
artes,social
artes,buscaremos
artes,entregar
artes,derechos
artes,humanos
artes,fundamentales
artes,poblaci
artes,dignifican
artes,vida
artes,pueblo
artes,levantando
artes,chile
artes,salud
artes,educaci
artes,p
artes,gratuita
artes,derechos
artes,asegurados
artes,asumidos
artes,financiamiento
artes,calidad
artes,daremos
artes,cobertura
artes,asegurado
artes,tama
artes,bolsillo
artes,creara
artes,superior
artes,potente
artes,institucionalidad
artes,salud
artes,educaci
artes,funci
artes,ntima
artes,interacci
artes,poblaci
artes,planes
artes,desarrollo
artes,econ
artes,sociales
artes,nacionales
artes,demanda
artes,poca
artes,desatara
artes,plan
artes,copamiento
artes,cultural
artes,pa
artes,asegurando
artes,medios
artes,espacios
artes,cultores
artes,arte
artes,cultura
artes,diversas
artes,expresiones
artes,m
artes,teatro
artes,pintura
artes,visuales
artes,etc
artes,vivienda
artes,respaldo
artes,p
artes,calidad
artes,superior
artes,har
artes,cargo
artes,propiedad
artes,gesti
artes,derecho
artes,b
artes,elevar
artes,calidad
artes,vida
artes,chilenos
artes,debemos
artes,acabar
artes,hacinamiento
artes,poblaciones
artes,falta
artes,plazas
artes,parques
artes,viviendas
artes,tama
artes,miserable
artes,entregadas
artes,subsidios
artes,proponemos
artes,plan
artes,construcci
artes,nacional
artes,departamentos
artes,casas
artes,trabajadores
artes,pueblo
artes,dignos
artes,calidad
artes,viviendas
artes,trabajadores
artes,pobladores
artes,construidas
artes,comunas
artes,lugares
artes,pa
artes,centro
artes,terminando
artes,discriminador
artes,termino
artes,marginal
artes,vida
artes,segregada
artes,lejana
artes,lugares
artes,estudio
artes,recreaci
artes,afp
artes,fondo
artes,tripartito
artes,medida
artes,inmediata
artes,creara
artes,fondo
artes,previsional
artes,solidario
artes,eliminando
artes,aseguradoras
artes,fondos
artes,pensiones
artes,afp
artes,entidades
artes,privadas
artes,lucran
artes,pensiones
artes,sistema
artes,tripartito
artes,aportes
artes,trabajador
artes,empleador
artes,uni
artes,pensionados
artes,organizados
artes,administradores
artes,trabajara
artes,lograr
artes,sistema
artes,basado
artes,a
artes,inferiores
artes,requeridos
artes,simple
artes,cumplir
artes,determinada
artes,edad
artes,garantizado
artes,derechos
artes,desprenden
artes,vida
artes,vejes
artes,digna
artes,vivienda
artes,salud
artes,transporte
artes,alimentaci
artes,recreaci
artes,etc
artes,fomento
artes,p
artes,recreaci
artes,deporte
artes,ambiente
artes,aseguraremos
artes,construcci
artes,plazas
artes,parques
artes,urbanos
artes,protecci
artes,parques
artes,urbanos
artes,protecci
artes,parques
artes,nacionales
artes,propiedad
artes,estatal
artes,administrado
artes,comunidad
artes,organizada
artes,flora
artes,fauna
artes,riqueza
artes,natural
artes,tierra
artes,fomentaremos
artes,deporte
artes,vida
artes,sana
artes,recreaci
artes,mejorar
artes,salud
artes,mental
artes,f
artes,superior
artes,nivel
artes,infraestructura
artes,equipamiento
artes,personal
artes,profesional
artes,etc
artes,formaci
artes,f
artes,deporte
artes,preocupaci
artes,prioritaria
artes,gobierno
artes,patri
artes,popular
artes,impulsaremos
artes,energ
artes,limpias
artes,renovables
artes,marco
artes,industrializaci
artes,tipo
artes,central
artes,calidad
artes,vida
artes,comunidades
artes,intima
artes,relaci
artes,protecci
artes,cuidado
artes,mejoramiento
artes,natural
artes,ambiental
artes,seguridad
artes,p
artes,realizaremos
artes,profunda
artes,reforma
artes,carcelaria
artes,centros
artes,reclusi
artes,usados
artes,proceso
artes,judicial
artes,investigaci
artes,condenados
artes,centros
artes,reeducativo
artes,paguen
artes,sociedad
artes,produciendo
artes,lastre
artes,reeduquen
artes,inculcar
artes,dignifica
artes,seres
artes,humanos
artes,reinsertarlos
artes,efectivamente
artes,acompa
artes,efectivo
artes,organismos
artes,especializados
artes,comunidad
artes,organizada
artes,vida
artes,social
artes,delitos
artes,graves
artes,violaci
artes,asesinato
artes,formas
artes,cavernarias
artes,sufrir
artes,pena
artes,m
artes,da
artes,social
artes,connotaci
artes,impulsaremos
artes,integraci
artes,sociedad
artes,organizada
artes,base
artes,tareas
artes,preventivas
artes,control
artes,delito
artes,fuerzas
artes,policiales
artes,pondr
artes,actuaran
artes,coordinaci
artes,organizaciones
artes,sociales
artes,destacamento
artes,represi
artes,externa
artes,ajena
artes,poblaci
artes,transporte
artes,telecomunicaciones
artes,construiremos
artes,red
artes,ferroviaria
artes,nacional
artes,pasajeros
artes,carga
artes,conecte
artes,rinc
artes,chile
artes,desarrollaremos
artes,red
artes,p
artes,estatal
artes,transporte
artes,eliminando
artes,monopolio
artes,privado
artes,negar
artes,existencia
artes,pimes
artes,taxis
artes,colectivos
artes,buses
artes,provinciales
artes,telecomunicaciones
artes,aumentar
artes,calificarse
artes,mayores
artes,grados
artes,desarrollaremos
artes,canales
artes,comunitarios
artes,organizaciones
artes,sociales
artes,independientes
artes,tv
artes,p
artes,privilegie
artes,valores
artes,patri
artes,populares
artes,sirvan
artes,liberaci
artes,chile
artes,ideolog
artes,neoliberal
artes,imperante
artes,existir
artes,canales
artes,medios
artes,comunicaciones
artes,manos
artes,empresas
artes,extranjeras
artes,peligro
artes,concreto
artes,soberan
artes,pa
artes,constituyen
artes,deformaci
artes,destrucciones
artes,caracter
artes,culturales
artes,pa
artes,chile
artes,unitario
artes,plurinacional
artes,upa
artes,reconocemos
artes,naciones
artes,pueblos
artes,chilenos
artes,mapuche
artes,pehuenche
artes,huilliche
artes,rapanui
artes,aimara
artes,reconocemos
artes,v
artes,necesarios
artes,due
artes,construcci
artes,patri
artes,chile
artes,torno
artes,defensa
artes,soberan
artes,fraternidad
artes,justicia
artes,social
artes,as
artes,debemos
artes,realizaci
artes,pa
artes,constitucionalmente
artes,hacerse
artes,cargo
artes,car
artes,plurinacional
artes,significa
artes,punto
artes,vista
artes,administrativo
artes,productivo
artes,social
artes,cultural
artes,rgano
artes,ejecutivo
artes,central
artes,uni
artes,patri
artes,upa
artes,santiago
artes,junio
