candidato,word
sanchez,hoja
sanchez,ruta
sanchez,programa
sanchez,beatriz
sanchez,sánchez
sanchez,primarias
sanchez,frente
sanchez,amplio
sanchez,mayo
sanchez,2017
sanchez,contenidos
sanchez,mensaje
sanchez,beatriz
sanchez,sánchez
sanchez,proceso
sanchez,programático
sanchez,frente
sanchez,amplio
sanchez,2.1
sanchez,objetivos
sanchez,principios
sanchez,proceso
sanchez,2.2
sanchez,estructuras
sanchez,conforman
sanchez,proceso
sanchez,2.3
sanchez,etapas
sanchez,proceso
sanchez,2.3.1
sanchez,encuentros
sanchez,deliberación
sanchez,18
sanchez,marzo
sanchez,31
sanchez,mayo
sanchez,2.3.2
sanchez,sistematización
sanchez,30
sanchez,junio
sanchez,2.3.3
sanchez,votación
sanchez,priorización
sanchez,31
sanchez,julio
sanchez,2.4
sanchez,presentación
sanchez,programa
sanchez,frente
sanchez,amplio
sanchez,camino
sanchez,proponemos
sanchez,3.1
sanchez,derechos
sanchez,sociales
sanchez,vida
sanchez,segura
sanchez,3.1.1
sanchez,diagnóstico
sanchez,3.1.2
sanchez,visión
sanchez,avanzar
sanchez,3.1.3
sanchez,propuestas
sanchez,3.2
sanchez,estrategia
sanchez,desarrollo
sanchez,3.2.1
sanchez,diagnóstico
sanchez,3.2.2
sanchez,visión
sanchez,avanzar
sanchez,3.2.3
sanchez,propuestas
sanchez,3.3
sanchez,democracia
sanchez,plena
sanchez,3.3.1
sanchez,diagnóstico
sanchez,3.3.2
sanchez,visión
sanchez,avanzar
sanchez,3.3.3
sanchez,propuestas
sanchez,3.4
sanchez,repensar
sanchez,sistema
sanchez,tributario
sanchez,3.4.1
sanchez,visión
sanchez,avanzar
sanchez,3.4.2
sanchez,propuestas
sanchez,mensaje
sanchez,beatriz
sanchez,sánchez
sanchez,política
sanchez,luminosa
sanchez,hablamos
sanchez,política
sanchez,juntos
sanchez,construimos
sanchez,colectivo
sanchez,mensaje
sanchez,beatriz
sanchez,sánchez
sanchez,programas
sanchez,suelen
sanchez,documentos
sanchez,terminados
sanchez,completos
sanchez,ofrecen
sanchez,lector
sanchez,caminos
sanchez,desacuerdo
sanchez,procesos
sanchez,unidireccionales
sanchez,políticos
sanchez,expertos
sanchez,vienen
sanchez,jugar
sanchez,rol
sanchez,oferta
sanchez,votantes
sanchez,toca
sanchez,demanda
sanchez,elegir
sanchez,producto
sanchez,único
sanchez,camino
sanchez,candidatura
sanchez,sentido
sanchez,seguiría
sanchez,radio
sanchez,apasiona
sanchez,defendiendo
sanchez,causas
sanchez,defendemos
sanchez,páginas
sanchez,rol
sanchez,periodista
sanchez,camino
sanchez,acá
sanchez,páginas
sanchez,invitación
sanchez,programa
sanchez,programa
sanchez,finalizado
sanchez,alguien
sanchez,pregunta
sanchez,raíz
sanchez,profunda
sanchez,factor
sanchez,detonador
sanchez,candidatura
sanchez,respondo
sanchez,protagonistas
sanchez,llevamos
sanchez,espectadores
sanchez,definición
sanchez,asuntos
sanchez,tocan
sanchez,décadas
sanchez,ciudadanos
sanchez,ciudadanas
sanchez,años
sanchez,tradicionalmente
sanchez,convocados
sanchez,suerte
sanchez,jurado
sanchez,concurso
sanchez,público
sanchez,mayoría
sanchez,votantes
sanchez,decidimos
sanchez,concesionar
sanchez,gestión
sanchez,asuntos
sanchez,públicos
sanchez,oferente
sanchez,segura
sanchez,quedarnos
sanchez,margen
sanchez,cancha
sanchez,juegan
sanchez,partido
sanchez,ciudadanos
sanchez,completo
sanchez,entender
sanchez,actividades
sanchez,parecen
sanchez,íntimas
sanchez,resulta
sanchez,impactada
sanchez,decisiones
sanchez,toman
sanchez,esfera
sanchez,pública
sanchez,pensemos
sanchez,crianza
sanchez,disponen
sanchez,padres
sanchez,madres
sanchez,largas
sanchez,mensaje
sanchez,beatriz
sanchez,sánchez
sanchez,jornadas
sanchez,seguidas
sanchez,tediosos
sanchez,viajes
sanchez,transporte
sanchez,público
sanchez,entender
sanchez,política
sanchez,impacto
sanchez,allá
sanchez,suelen
sanchez,contarnos
sanchez,grupo
sanchez,aficionados
sanchez,cerrado
sanchez,monopolio
sanchez,acá
sanchez,saliendo
sanchez,zona
sanchez,confort
sanchez,jugándonos
sanchez,colectivo
sanchez,cambiar
sanchez,política
sanchez,ponerla
sanchez,servicio
sanchez,vida
sanchez,feliz
sanchez,historia
sanchez,contado
sanchez,abril
sanchez,anunciamos
sanchez,inicio
sanchez,precandidatura
sanchez,viaje
sanchez,agendamos
sanchez,magallanes
sanchez,allá
sanchez,problemas
sanchez,aislamiento
sanchez,carestía
sanchez,centralización
sanchez,decisiones
sanchez,marcan
sanchez,conversación
sanchez,cotidiana
sanchez,diferencia
sanchez,cuentan
sanchez,conversación
sanchez,agota
sanchez,problemas
sanchez,incluye
sanchez,soluciones
sanchez,razonables
sanchez,viables
sanchez,simplemente
sanchez,escuchadas
sanchez,ejercen
sanchez,mando
sanchez,escucho
sanchez,personas
sanchez,segura
sanchez,capaces
sanchez,cambio
sanchez,tantas
sanchez,imaginamos
sanchez,juntos
sanchez,colectivo
sanchez,capaz
sanchez,historia
sanchez,frente
sanchez,amplio
sanchez,especialmente
sanchez,chilenas
sanchez,chilenos
sanchez,preguntas
sanchez,calle
sanchez,redes
sanchez,sociales
sanchez,iniciamos
sanchez,camino
sanchez,global
sanchez,quiero
sanchez,presidenta
sanchez,ido
sanchez,aprendiendo
sanchez,responderla
sanchez,plural
sanchez,individual
sanchez,reformulando
sanchez,pregunta
sanchez,quiero
sanchez,gobierno
sanchez,juego
sanchez,persona
sanchez,motor
sanchez,cambios
sanchez,alcanza
sanchez,debemos
sanchez,millones
sanchez,capaces
sanchez,mensaje
sanchez,beatriz
sanchez,sánchez
sanchez,frontera
sanchez,estrecha
sanchez,sueños
sanchez,derechos
sanchez,esperanzas
sanchez,chile
sanchez,dudas
sanchez,temas
sanchez,debate
sanchez,abordando
sanchez,consistente
sanchez,mirada
sanchez,política
sanchez,singularmente
sanchez,ejemplares
sanchez,política
sanchez,creemos
sanchez,hablo
sanchez,esfuerzos
sanchez,simultáneos
sanchez,generosidad
sanchez,compromiso
sanchez,parecían
sanchez,totalmente
sanchez,ajenos
sanchez,política
sanchez,enseñaron
sanchez,única
sanchez,dominada
sanchez,cocinas
sanchez,egoísmo
sanchez,revolución
sanchez,democrática
sanchez,generosidad
sanchez,partido
sanchez,disposición
sanchez,frente
sanchez,amplio
sanchez,lograr
sanchez,inscribir
sanchez,primarias
sanchez,legales
sanchez,movimiento
sanchez,autonomista
sanchez,democracia
sanchez,izquierda
sanchez,libertaria
sanchez,generosidad
sanchez,insólita
sanchez,partido
sanchez,creciera
sanchez,premio
sanchez,ensanchar
sanchez,frente
sanchez,amplio
sanchez,abrir
sanchez,democracia
sanchez,primarias
sanchez,organizaciones
sanchez,generosas
sanchez,pleno
sanchez,proceso
sanchez,maduración
sanchez,escribió
sanchez,sacrificio
sanchez,emocionante
sanchez,mujeres
sanchez,hombres
sanchez,vi
sanchez,dejar
sanchez,piel
sanchez,calles
sanchez,oficinas
sanchez,sumando
sanchez,voluntades
sanchez,meta
sanchez,esfuerzo
sanchez,visible
sanchez,sustantivo
sanchez,miles
sanchez,sumaban
sanchez,inscripciones
sanchez,tantos
sanchez,convocaban
sanchez,decenas
sanchez,comunas
sanchez,chile
sanchez,sesiones
sanchez,abiertas
sanchez,discusión
sanchez,programa
sanchez,frente
sanchez,amplio
sanchez,invitando
sanchez,personas
sanchez,hacerse
sanchez,construcción
sanchez,colectiva
sanchez,verbo
sanchez,construir
sanchez,conjugado
sanchez,plural
sanchez,dudas
sanchez,convicciones
sanchez,apertura
sanchez,sentido
sanchez,colectivo
sanchez,historia
sanchez,causas
sanchez,conmueven
sanchez,tono
sanchez,preocupado
sanchez,metí
sanchez,páginas
sanchez,vienen
sanchez,respuesta
sanchez,inicial
sanchez,abierta
sanchez,pregunta
sanchez,mensaje
sanchez,beatriz
sanchez,sánchez
sanchez,comenzamos
sanchez,viaje
sanchez,diciendo
sanchez,cualquiera
sanchez,llegar
sanchez,presidente
sanchez,república
sanchez,real
sanchez,principio
sanchez,democrático
sanchez,reconoce
sanchez,persona
sanchez,derecho
sanchez,elegir
sanchez,elegido
sanchez,nacer
sanchez,vivir
sanchez,región
sanchez,distinta
sanchez,capital
sanchez,límite
sanchez,desarrollo
sanchez,vidas
sanchez,contentemos
sanchez,decisiones
sanchez,toman
sanchez,prioridades
sanchez,políticas
sanchez,mediáticas
sanchez,sociales
sanchez,culturales
sanchez,vayan
sanchez,repitiéndonos
sanchez,chilenos
sanchez,chilenos
sanchez,soñamos
sanchez,país
sanchez,enorgullece
sanchez,reunir
sanchez,nación
sanchez,reconoce
sanchez,grandeza
sanchez,pueblos
sanchez,originarios
sanchez,capaz
sanchez,hacerse
sanchez,cargo
sanchez,deudas
sanchez,simbólicas
sanchez,políticas
sanchez,materiales
sanchez,tantos
sanchez,siglos
sanchez,maltrato
sanchez,violen
sanchez,derechos
sanchez,humanos
sanchez,justicia
sanchez,medida
sanchez,merecemos
sanchez,especialmente
sanchez,vendrán
sanchez,derechos
sanchez,humanos
sanchez,siguen
sanchez,desafío
sanchez,cotidiano
sanchez,país
sanchez,muestran
sanchez,ejemplos
sanchez,dolorosos
sanchez,mueren
sanchez,niños
sanchez,cargo
sanchez,víctimas
sanchez,incompetencia
sanchez,indiferencia
sanchez,hablamos
sanchez,derechos
sanchez,intolerancia
sanchez,marcó
sanchez,reciente
sanchez,dé
sanchez,paso
sanchez,inclusión
sanchez,personas
sanchez,posibilidad
sanchez,vivir
sanchez,plenamente
sanchez,amor
sanchez,identidad
sanchez,sexual
sanchez,factor
sanchez,implique
sanchez,riesgos
sanchez,negación
sanchez,derecho
sanchez,pensamos
sanchez,hijos
sanchez,hijas
sanchez,indicador
sanchez,justifique
sanchez,dejarles
sanchez,mundo
sanchez,diversidad
sanchez,vida
sanchez,mensaje
sanchez,beatriz
sanchez,sánchez
sanchez,legaron
sanchez,padres
sanchez,madres
sanchez,desarrollo
sanchez,pan
sanchez,buscamos
sanchez,precio
sanchez,hambre
sanchez,mañana
sanchez,exigimos
sanchez,construir
sanchez,país
sanchez,puedan
sanchez,encontrarse
sanchez,hermanos
sanchez,hermanas
sanchez,educación
sanchez,pública
sanchez,calidad
sanchez,sentido
sanchez,discriminaciones
sanchez,generación
sanchez,buscar
sanchez,futuro
sanchez,descendientes
sanchez,incluye
sanchez,amor
sanchez,valores
sanchez,pagar
sanchez,puedan
sanchez,acceder
sanchez,educación
sanchez,trabajaremos
sanchez,respuesta
sanchez,enfermedad
sanchez,alguien
sanchez,amado
sanchez,ejercicio
sanchez,derecho
sanchez,bingo
sanchez,eterna
sanchez,lista
sanchez,espera
sanchez,vejez
sanchez,espacio
sanchez,libres
sanchez,queridos
sanchez,dignidad
sanchez,derechos
sanchez,condiciones
sanchez,materiales
sanchez,especialmente
sanchez,convoca
sanchez,mujeres
sanchez,integrantes
sanchez,plenitud
sanchez,derechos
sanchez,comunidad
sanchez,reconozca
sanchez,doméstico
sanchez,comparta
sanchez,crianza
sanchez,acaben
sanchez,techos
sanchez,cristal
sanchez,miedo
sanchez,andar
sanchez,acoso
sanchez,triste
sanchez,recuerdo
sanchez,entienda
sanchez,derecho
sanchez,decidir
sanchez,personas
sanchez,adultas
sanchez,cuerpos
sanchez,sueños
sanchez,desarrollo
sanchez,resuma
sanchez,chile
sanchez,justo
sanchez,incluyente
sanchez,privilegios
sanchez,transforman
sanchez,derechos
sanchez,fruto
sanchez,crecimiento
sanchez,compartido
sanchez,trabajadores
sanchez,trabajadoras
sanchez,reciben
sanchez,beneficios
sanchez,riqueza
sanchez,crean
sanchez,organizarse
sanchez,protagonistas
sanchez,espacios
sanchez,cotidianos
sanchez,emprendedores
sanchez,apoyo
sanchez,condiciones
sanchez,justas
sanchez,competir
sanchez,transformando
sanchez,entorno
sanchez,institucional
sanchez,beneficia
sanchez,única
sanchez,exclusivamente
sanchez,empresarios
sanchez,mensaje
sanchez,beatriz
sanchez,sánchez
sanchez,sueños
sanchez,preguntas
sanchez,tremendos
sanchez,desafíos
sanchez,impulsan
sanchez,vale
sanchez,pena
sanchez,intentarlo
sanchez,política
sanchez,luminosa
sanchez,hablamos
sanchez,política
sanchez,juntos
sanchez,construimos
sanchez,colectivo
sanchez,crisis
sanchez,confianza
sanchez,evidente
sanchez,resultado
sanchez,casos
sanchez,corrupción
sanchez,financiamiento
sanchez,ilícito
sanchez,política
sanchez,excluyente
sanchez,elitista
sanchez,única
sanchez,respuesta
sanchez,construir
sanchez,confianza
sanchez,cotidiano
sanchez,confiamos
sanchez,capaces
sanchez,lograr
sanchez,metas
sanchez,parecen
sanchez,imposibles
sanchez,unimos
sanchez,confiamos
sanchez,criterio
sanchez,colectivo
sanchez,construir
sanchez,programa
sanchez,campaña
sanchez,confiamos
sanchez,poquito
sanchez,grande
sanchez,confiamos
sanchez,cambios
sanchez,posibles
sanchez,urgentes
sanchez,necesarios
sanchez,invito
sanchez,leer
sanchez,invitación
sanchez,líneas
sanchez,iniciales
sanchez,programa
sanchez,desarrollo
sanchez,especialmente
sanchez,invito
sanchez,hacerte
sanchez,discusión
sanchez,camino
sanchez,abrazo
sanchez,gracias
sanchez,proceso
sanchez,programático
sanchez,frente
sanchez,amplio
sanchez,proceso
sanchez,programático
sanchez,frente
sanchez,amplio
sanchez,proceso
sanchez,programático
sanchez,frente
sanchez,amplio
sanchez,2.1
sanchez,objetivos
sanchez,principios
sanchez,proceso
sanchez,frente
sanchez,amplio
sanchez,propuesto
sanchez,materializar
sanchez,forma
sanchez,política
sanchez,ciudadanía
sanchez,espacios
sanchez,construcción
sanchez,política
sanchez,desarrolla
sanchez,impulsa
sanchez,candidatura
sanchez,comprometida
sanchez,espíritu
sanchez,lineamiento
sanchez,principal
sanchez,construcción
sanchez,programa
sanchez,presidencial
sanchez,ciudadanía
sanchez,proceso
sanchez,programático
sanchez,iniciado
sanchez,marzo
sanchez,año
sanchez,termina
sanchez,julio
sanchez,proceso
sanchez,participativo
sanchez,construcción
sanchez,programa
sanchez,frente
sanchez,amplio
sanchez,busca
sanchez,definir
sanchez,reflexión
sanchez,colectiva
sanchez,diversos
sanchez,territorios
sanchez,frenteamplistas
sanchez,programa
sanchez,gobierno
sanchez,convocante
sanchez,impulse
sanchez,contenido
sanchez,político
sanchez,común
sanchez,diversas
sanchez,candidaturas
sanchez,pacto
sanchez,presentará
sanchez,elecciones
sanchez,noviembre
sanchez,2017
sanchez,programa
sanchez,desarrollado
sanchez,fuerte
sanchez,compromiso
sanchez,democracia
sanchez,participación
sanchez,vinculante
sanchez,ciudadanía
sanchez,diseñado
sanchez,metodología
sanchez,destinada
sanchez,participantes
sanchez,puedan
sanchez,presentar
sanchez,propuestas
sanchez,mejorar
sanchez,chile
sanchez,diversas
sanchez,áreas
sanchez,actividad
sanchez,nacional
sanchez,dichas
sanchez,propuestas
sanchez,puedan
sanchez,elegidas
sanchez,priorizadas
sanchez,democráticamente
sanchez,implicará
sanchez,tomar
sanchez,decisiones
sanchez,colectivas
sanchez,elegir
sanchez,diversas
sanchez,12
sanchez,proceso
sanchez,programático
sanchez,frente
sanchez,amplio
sanchez,propuestas
sanchez,ponernos
sanchez,aspectos
sanchez,prácticas
sanchez,parecer
sanchez,ajenas
sanchez,cultura
sanchez,política
sanchez,acostumbrada
sanchez,dichas
sanchez,tareas
sanchez,realizadas
sanchez,solitario
sanchez,conjunto
sanchez,expertos
sanchez,pueblo
sanchez,pasar
sanchez,demandar
sanchez,soluciones
sanchez,proponerlas
sanchez,definiciones
sanchez,debemos
sanchez,tomarlas
sanchez,transparentemente
sanchez,asimismo
sanchez,proyecto
sanchez,expresará
sanchez,compromiso
sanchez,político
sanchez,responsabilidad
sanchez,fiscal
sanchez,entendiendo
sanchez,necesidad
sanchez,presentarle
sanchez,ciudadanía
sanchez,programa
sanchez,plausible
sanchez,cumplirse
sanchez,cabalidad
sanchez,asegurando
sanchez,existencia
sanchez,ingresos
sanchez,permanentes
sanchez,financiar
sanchez,aumento
sanchez,gasto
sanchez,fiscal
sanchez,requerido
sanchez,materializar
sanchez,reformas
sanchez,comprometamos
sanchez,forma
sanchez,procedimiento
sanchez,trazará
sanchez,estrategias
sanchez,jurídicas
sanchez,permitan
sanchez,concretar
sanchez,ideas
sanchez,implique
sanchez,modificación
sanchez,constitución
sanchez,presentación
sanchez,proyectos
sanchez,ley
sanchez,ejercicio
sanchez,potestad
sanchez,reglamentaria
sanchez,principio
sanchez,rector
sanchez,proceso
sanchez,programático
sanchez,frente
sanchez,amplio
sanchez,soberanía
sanchez,política
sanchez,territorios
sanchez,significa
sanchez,contenido
sanchez,programa
sanchez,sector
sanchez,definido
sanchez,mecanismos
sanchez,vinculantes
sanchez,base
sanchez,propuestas
sanchez,priorización
sanchez,programática
sanchez,principios
sanchez,guían
sanchez,proceso
sanchez,programático
sanchez,relación
sanchez,ciudadanía
sanchez,transversalidad
sanchez,entendida
sanchez,garantía
sanchez,establecida
sanchez,favor
sanchez,quieran
sanchez,participar
sanchez,elaboración
sanchez,programa
sanchez,independiente
sanchez,diferencias
sanchez,educacionales
sanchez,culturales
sanchez,digitales
sanchez,geográficas
sanchez,existentes
sanchez,horizontalidad
sanchez,refiere
sanchez,compromiso
sanchez,participantes
sanchez,proceso
sanchez,cuente
sanchez,posibilidades
sanchez,incidir
sanchez,militantes
sanchez,adherentes
sanchez,partidos
sanchez,políticos
sanchez,movimientos
sanchez,políticos
sanchez,sociales
sanchez,organizaciones
sanchez,ciudadanía
sanchez,activa
sanchez,organizada
sanchez,13
sanchez,proceso
sanchez,programático
sanchez,frente
sanchez,amplio
sanchez,asimismo
sanchez,proceso
sanchez,programático
sanchez,busca
sanchez,desarrollarse
sanchez,autonomía
sanchez,posibilitar
sanchez,ciudadanía
sanchez,hacerse
sanchez,incidir
sanchez,etapas
sanchez,proceso
sanchez,forma
sanchez,autogestionada
sanchez,empoderada
sanchez,restricciones
sanchez,políticas
sanchez,orgánicas
sanchez,administrativas
sanchez,finalmente
sanchez,proceso
sanchez,deberá
sanchez,desarrollarse
sanchez,plena
sanchez,transparencia
sanchez,garantizando
sanchez,ue
sanchez,personas
sanchez,puedan
sanchez,fiscalizar
sanchez,procesos
sanchez,síntesis
sanchez,priorización
sanchez,desarrollo
sanchez,propuestas
sanchez,programáticas
sanchez,fiel
sanchez,reflejo
sanchez,propuesto
sanchez,territorios
sanchez,2.2
sanchez,estructuras
sanchez,conforman
sanchez,proceso
sanchez,proceso
sanchez,programático
sanchez,sustenta
sanchez,diversas
sanchez,estructuras
sanchez,orgánicas
sanchez,frente
sanchez,amplio
sanchez,desarrollo
sanchez,programa
sanchez,gobierno
sanchez,fundamental
sanchez,participación
sanchez,omunales
sanchez,frenteamplistas
sanchez,comunales
sanchez,estructura
sanchez,básica
sanchez,organización
sanchez,pacto
sanchez,participan
sanchez,militantes
sanchez,adherentes
sanchez,partidos
sanchez,movimientos
sanchez,organizaciones
sanchez,sociales
sanchez,pertenecientes
sanchez,frente
sanchez,amplio
sanchez,ciudadanía
sanchez,activa
sanchez,militante
sanchez,territorios
sanchez,14
sanchez,proceso
sanchez,programático
sanchez,frente
sanchez,amplio
sanchez,comunales
sanchez,frente
sanchez,amplio
sanchez,organizado
sanchez,encuentros
sanchez,programáticos
sanchez,participantes
sanchez,guiados
sanchez,metodología
sanchez,orientadora
sanchez,podido
sanchez,discutir
sanchez,ideas
sanchez,propuestas
sanchez,lugares
sanchez,contamos
sanchez,militancia
sanchez,distintas
sanchez,organizaciones
sanchez,sociales
sanchez,políticas
sanchez,frente
sanchez,amplio
sanchez,fomentado
sanchez,apoyado
sanchez,autoconvocatoria
sanchez,unidades
sanchez,territoriales
sanchez,permitan
sanchez,forma
sanchez,discusión
sanchez,programática
sanchez,proceso
sanchez,programático
sanchez,sustenta
sanchez,conformación
sanchez,grupos
sanchez,apoyo
sanchez,programático
sanchez,stos
sanchez,espacios
sanchez,participación
sanchez,base
sanchez,nacional
sanchez,convocados
sanchez,meses
sanchez,febrero
sanchez,marzo
sanchez,presente
sanchez,año
sanchez,conformados
sanchez,militantes
sanchez,adherentes
sanchez,partidos
sanchez,organizaciones
sanchez,frente
sanchez,amplio
sanchez,organizaciones
sanchez,movimientos
sanchez,personas
sanchez,deseen
sanchez,involucrarse
sanchez,principal
sanchez,tarea
sanchez,apoyar
sanchez,proceso
sanchez,deliberación
sanchez,comunales
sanchez,frenteamplistas
sanchez,construcción
sanchez,diagnósticos
sanchez,áreas
sanchez,temáticas
sanchez,busca
sanchez,abordar
sanchez,programa
sanchez,participativo
sanchez,frente
sanchez,amplio
sanchez,asimismo
sanchez,concluida
sanchez,etapa
sanchez,discusión
sanchez,comunales
sanchez,grupos
sanchez,apoyo
sanchez,programáticos
sanchez,cargo
sanchez,sistematización
sanchez,propuestas
sanchez,articulación
sanchez,programa
sanchez,áreas
sanchez,fundamental
sanchez,destacar
sanchez,grupos
sanchez,cuentan
sanchez,soberanía
sanchez,política
sanchez,confección
sanchez,priorización
sanchez,propuestas
sanchez,programáticas
sanchez,deberán
sanchez,asegurar
sanchez,espacios
sanchez,territoriales
sanchez,coalición
sanchez,participantes
sanchez,votación
sanchez,democrática
sanchez,nacional
sanchez,definan
sanchez,contenido
sanchez,programa
sanchez,ejes
sanchez,temáticos
sanchez,busca
sanchez,abordar
sanchez,proceso
sanchez,programático
sanchez,siguientes
sanchez,15
sanchez,proceso
sanchez,programático
sanchez,frente
sanchez,amplio
sanchez,ejes
sanchez,temáticos
sanchez,bienestar
sanchez,animal
sanchez,justicia
sanchez,seguridad
sanchez,ciudadana
sanchez,ciudad
sanchez,vivienda
sanchez,territorio
sanchez,matriz
sanchez,energética
sanchez,cultura
sanchez,matriz
sanchez,productiva
sanchez,derechos
sanchez,humanos
sanchez,memoria
sanchez,migrantes
sanchez,deporte
sanchez,niñez
sanchez,adolescencia
sanchez,descentralización
sanchez,prensa
sanchez,medios
sanchez,distribución
sanchez,riqueza
sanchez,relaciones
sanchez,internacionales
sanchez,innovación
sanchez,ciencia
sanchez,tecnología
sanchez,pueblos
sanchez,originarios
sanchez,pueblo
sanchez,tribal
sanchez,afrodescendiente
sanchez,ecología
sanchez,social
sanchez,salud
sanchez,educación
sanchez,sistema
sanchez,político
sanchez,felicidad
sanchez,constitución
sanchez,fuerzas
sanchez,armadas
sanchez,sistema
sanchez,previsional
sanchez,diversidad
sanchez,sexual
sanchez,genérica
sanchez,integración
sanchez,capacidades
sanchez,16
sanchez,proceso
sanchez,programático
sanchez,frente
sanchez,amplio
sanchez,tercer
sanchez,proceso
sanchez,construcción
sanchez,programa
sanchez,quipo
sanchez,jurídico
sanchez,económico
sanchez,labor
sanchez,analizar
sanchez,términos
sanchez,gasto
sanchez,fiscal
sanchez,involucrado
sanchez,propuestas
sanchez,realizadas
sanchez,comunales
sanchez,frenteamplistas
sanchez,sistematizadas
sanchez,grupos
sanchez,apoyo
sanchez,programático
sanchez,equipo
sanchez,busca
sanchez,proveer
sanchez,información
sanchez,participantes
sanchez,selección
sanchez,priorización
sanchez,propuestas
sanchez,equipo
sanchez,calculará
sanchez,costo
sanchez,fiscal
sanchez,propuestas
sanchez,trabajará
sanchez,elaboración
sanchez,propuestas
sanchez,aumentar
sanchez,recaudación
sanchez,recursos
sanchez,fiscales
sanchez,necesarios
sanchez,llevarlas
sanchez,cabo
sanchez,asegurando
sanchez,paridad
sanchez,aumento
sanchez,gastos
sanchez,permanentes
sanchez,ingresos
sanchez,permanentes
sanchez,equipo
sanchez,propondrá
sanchez,estrategia
sanchez,jurídica
sanchez,materialización
sanchez,propuestas
sanchez,necesario
sanchez,identificar
sanchez,vía
sanchez,apropiada
sanchez,caso
sanchez,administrativa
sanchez,ejercicio
sanchez,potestad
sanchez,reglamentaria
sanchez,vía
sanchez,legislativa
sanchez,escenario
sanchez,necesario
sanchez,tomar
sanchez,consideración
sanchez,distintas
sanchez,limitaciones
sanchez,contiene
sanchez,orden
sanchez,constitucional
sanchez,presentar
sanchez,propuesta
sanchez,camino
sanchez,legislativo
sanchez,pretende
sanchez,conocimientos
sanchez,técnicos
sanchez,rol
sanchez,deliberación
sanchez,democrática
sanchez,crucial
sanchez,aporte
sanchez,respete
sanchez,principio
sanchez,fundamental
sanchez,democracia
sanchez,indica
sanchez,palabra
sanchez,ciudadanía
sanchez,15
sanchez,proceso
sanchez,programático
sanchez,frente
sanchez,amplio
sanchez,2.3
sanchez,etapas
sanchez,proceso
sanchez,2.3.1
sanchez,encuentros
sanchez,deliberación
sanchez,18
sanchez,marzo
sanchez,31
sanchez,mayo
sanchez,deliberación
sanchez,levantamiento
sanchez,propuestas
sanchez,realizará
sanchez,ncuentros
sanchez,programáticos
sanchez,comuna
sanchez,país
sanchez,espacios
sanchez,discusión
sanchez,abiertos
sanchez,participar
sanchez,señalamos
sanchez,militantes
sanchez,partidos
sanchez,orgánicas
sanchez,políticas
sanchez,sociales
sanchez,frente
sanchez,amplio
sanchez,personas
sanchez,militancia
sanchez,sientan
sanchez,interesadas
sanchez,participar
sanchez,proceso
sanchez,encuentros
sanchez,autoconvocarse
sanchez,casos
sanchez,existan
sanchez,comunales
sanchez,frenteamplistas
sanchez,territorio
sanchez,encuentro
sanchez,deberá
sanchez,subdividirse
sanchez,grupos
sanchez,pequeños
sanchez,15
sanchez,personas
sanchez,unidad
sanchez,básica
sanchez,discusión
sanchez,construcción
sanchez,propuestas
sanchez,proceso
sanchez,grupo
sanchez,discusión
sanchez,abordar
sanchez,áreas
sanchez,temáticas
sanchez,propuestas
sanchez,metodología
sanchez,asimismo
sanchez,convocarse
sanchez,discusiones
sanchez,sectoriales
sanchez,enfocadas
sanchez,tema
sanchez,finalmente
sanchez,grupos
sanchez,deberá
sanchez,registrar
sanchez,propuestas
sanchez,nacionales
sanchez,distritales
sanchez,surjan
sanchez,discusión
sanchez,acta
sanchez,tipo
sanchez,facilitar
sanchez,sistematización
sanchez,2.3.2
sanchez,sistematización
sanchez,30
sanchez,junio
sanchez,sistematización
sanchez,cargo
sanchez,grupos
sanchez,apoyo
sanchez,programático
sanchez,ordenarán
sanchez,propuestas
sanchez,incorporadas
sanchez,actas
sanchez,subidas
sanchez,17
sanchez,proceso
sanchez,programático
sanchez,frente
sanchez,amplio
sanchez,participantes
sanchez,propuestas
sanchez,deberán
sanchez,ordenadas
sanchez,temas
sanchez,sistematizadas
sanchez,identificar
sanchez,consensos
sanchez,disensos
sanchez,continuación
sanchez,grupos
sanchez,presentarán
sanchez,listado
sanchez,propuestas
sanchez,priorizadas
sanchez,votadas
sanchez,plebiscito
sanchez,nacional
sanchez,anteriormente
sanchez,equipos
sanchez,sistematización
sanchez,facultad
sanchez,descartar
sanchez,propuestas
sanchez,realizada
sanchez,sistematización
sanchez,equipo
sanchez,jurídico
sanchez,económico
sanchez,rabajará
sanchez,propuestas
sanchez,identificar
sanchez,involucran
sanchez,gasto
sanchez,fiscal
sanchez,presentan
sanchez,dificultades
sanchez,tramitación
sanchez,legislativa
sanchez,proponer
sanchez,soluciones
sanchez,desafíos
sanchez,producto
sanchez,etapa
sanchez,listado
sanchez,propuestas
sanchez,sistematizadas
sanchez,área
sanchez,acompañado
sanchez,información
sanchez,jurídica
sanchez,económica
sanchez,correspondiente
sanchez,2.3.3
sanchez,votación
sanchez,priorización
sanchez,31
sanchez,julio
sanchez,etapa
sanchez,proceso
sanchez,propuestas
sanchez,sistematizadas
sanchez,grupos
sanchez,apoyo
sanchez,programático
sanchez,deberán
sanchez,aprobadas
sanchez,rechazadas
sanchez,priorizadas
sanchez,participantes
sanchez,proceso
sanchez,participado
sanchez,proceso
sanchez,votar
sanchez,dirimir
sanchez,propuestas
sanchez,excluyentes
sanchez,definir
sanchez,orden
sanchez,prioridad
sanchez,distintas
sanchez,reformas
sanchez,propuestas
sanchez,involucren
sanchez,importantes
sanchez,aumentos
sanchez,gasto
sanchez,fiscal
sanchez,establecer
sanchez,nivel
sanchez,aumento
sanchez,ingresos
sanchez,fiscales
sanchez,definirá
sanchez,plataforma
sanchez,programática
sanchez,propuestas
sanchez,aprobadas
sanchez,caso
sanchez,reformas
sanchez,involucren
sanchez,importante
sanchez,costo
sanchez,fiscal
sanchez,hará
sanchez,ordenando
sanchez,propuestas
sanchez,menor
sanchez,preferencia
sanchez,votación
sanchez,financiando
sanchez,orden
sanchez,preferencia
sanchez,tantas
sanchez,reformas
sanchez,permita
sanchez,aumento
sanchez,gasto
sanchez,fiscal
sanchez,definido
sanchez,democráticamente
sanchez,resultado
sanchez,proceso
sanchez,plataforma
sanchez,programática
sanchez,coherente
sanchez,equilibrada
sanchez,términos
sanchez,fiscales
sanchez,18
sanchez,proceso
sanchez,programático
sanchez,frente
sanchez,amplio
sanchez,votación
sanchez,priorización
sanchez,refrendada
sanchez,plebiscito
sanchez,nacional
sanchez,realizarse
sanchez,mes
sanchez,julio
sanchez,previo
sanchez,existirán
sanchez,encuentros
sanchez,distritales
sanchez,permitan
sanchez,debatir
sanchez,alcance
sanchez,distintas
sanchez,propuestas
sanchez,plebiscito
sanchez,realizará
sanchez,votación
sanchez,electrónica
sanchez,plataforma
sanchez,proceso
sanchez,convocados
sanchez,participantes
sanchez,proceso
sanchez,participativo
sanchez,construcción
sanchez,programa
sanchez,frente
sanchez,amplio
sanchez,fomentar
sanchez,participación
sanchez,cuentan
sanchez,acceso
sanchez,internet
sanchez,pondremos
sanchez,disposición
sanchez,ciudadanía
sanchez,urnas
sanchez,electrónicas
sanchez,obstante
sanchez,propuestas
sanchez,actas
sanchez,subido
sanchez,directamente
sanchez,sitio
sanchez,web
sanchez,resultado
sanchez,elegidas
sanchez,votación
sanchez,disponibles
sanchez,formarán
sanchez,repositorio
sanchez,propuestas
sanchez,persona
sanchez,acceder
sanchez,2.4
sanchez,presentación
sanchez,programa
sanchez,frente
sanchez,amplio
sanchez,finalmente
sanchez,propuestas
sanchez,seleccionadas
sanchez,contenidas
sanchez,documento
sanchez,estructurado
sanchez,comprensible
sanchez,coherente
sanchez,difundirá
sanchez,nivel
sanchez,nacional
sanchez,regional
sanchez,distrital
sanchez,documento
sanchez,constituirá
sanchez,programa
sanchez,presidencial
sanchez,frente
sanchez,amplio
sanchez,presentado
sanchez,chile
sanchez,asamblea
sanchez,nacional
sanchez,conjuntamente
sanchez,realizarán
sanchez,asambleas
sanchez,distritos
sanchez,presentación
sanchez,propuestas
sanchez,candidaturas
sanchez,frente
sanchez,amplio
sanchez,camino
sanchez,proponemos
sanchez,20
sanchez,camino
sanchez,proponemos
sanchez,forma
sanchez,contribuir
sanchez,visión
sanchez,país
sanchez,propuestas
sanchez,proceso
sanchez,programático
sanchez,frente
sanchez,amplio
sanchez,disposiciones
sanchez,legales
sanchez,proceso
sanchez,primarias
sanchez,describimos
sanchez,elementos
sanchez,articuladores
sanchez,camino
sanchez,gustaría
sanchez,recorrer
sanchez,juntos
sanchez,años
sanchez,sentido
sanchez,texto
sanchez,busca
sanchez,descripción
sanchez,exhaustiva
sanchez,programa
sanchez,gobierno
sanchez,señalado
sanchez,proyecto
sanchez,llevaremos
sanchez,caso
sanchez,electa
sanchez,candidata
sanchez,frente
sanchez,amplio
sanchez,resultado
sanchez,proceso
sanchez,participativo
sanchez,vinculante
sanchez,invitados
sanchez,elección
sanchez,informada
sanchez,transparente
sanchez,precisa
sanchez,voten
sanchez,primaria
sanchez,sepan
sanchez,visión
sanchez,país
sanchez,3.1
sanchez,derechos
sanchez,sociales
sanchez,vida
sanchez,segura
sanchez,3.1.1
sanchez,diagnóstico
sanchez,años
sanchez,usando
sanchez,datos
sanchez,encuestas
sanchez,longitudinales
sanchez,mundo
sanchez,académico
sanchez,mayoría
sanchez,casos
sanchez,pobreza
sanchez,condición
sanchez,permanente
sanchez,personas
sanchez,realidad
sanchez,expuesta
sanchez,fracción
sanchez,importante
sanchez,población
sanchez,pobreza
sanchez,absoluta
sanchez,chile
sanchez,bajado
sanchez,años
sanchez,familias
sanchez,siguen
sanchez,condición
sanchez,vulnerabilidad
sanchez,familias
sanchez,viven
sanchez,constante
sanchez,riesgo
sanchez,caer
sanchez,pobreza
sanchez,enfermedad
sanchez,vejez
sanchez,desempleo
sanchez,divorcio
sanchez,capacidad
sanchez,accidente
sanchez,situaciones
sanchez,enfrentadas
sanchez,individual
sanchez,familias
sanchez,vivan
sanchez,condición
sanchez,vulnerabilidad
sanchez,miedo
sanchez,permanente
sanchez,ocurre
sanchez,política
sanchez,dominada
sanchez,mirada
sanchez,pone
sanchez,mercado
sanchez,oportunidad
sanchez,negocio
sanchez,criterio
sanchez,probablemente
sanchez,sistema
sanchez,afp
sanchez,mejores
sanchez,ejemplos
sanchez,sistema
sanchez,debería
sanchez,objetivo
sanchez,seguridad
sanchez,social
sanchez,cambio
sanchez,22
sanchez,camino
sanchez,proponemos
sanchez,perpetuar
sanchez,desigualdad
sanchez,fomentar
sanchez,individualismo
sanchez,extremo
sanchez,privatizar
sanchez,responsabilidad
sanchez,público
sanchez,atentar
sanchez,calidad
sanchez,vida
sanchez,país
sanchez,cuida
sanchez,única
sanchez,excepción
sanchez,sucede
sanchez,interior
sanchez,familia
sanchez,mujeres
sanchez,suelen
sanchez,cumplir
sanchez,rol
sanchez,cuidado
sanchez,reconocido
sanchez,socialmente
sanchez,reglas
sanchez,vivimos
sanchez,entienden
sanchez,consumidores
sanchez,bienes
sanchez,servicios
sanchez,mercado
sanchez,ingresos
sanchez,personales
sanchez,responsables
sanchez,financiar
sanchez,podremos
sanchez,comprar
sanchez,comprensión
sanchez,vida
sanchez,mercantilizada
sanchez,fuertes
sanchez,implicancias
sanchez,diversos
sanchez,sentidos
sanchez,implicancias
sanchez,plano
sanchez,cultural
sanchez,responsables
sanchez,destruyendo
sanchez,cohesión
sanchez,social
sanchez,sentido
sanchez,comunidad
sanchez,sociedad
sanchez,tiende
sanchez,generar
sanchez,creencia
sanchez,resultados
sanchez,provienen
sanchez,exclusivamente
sanchez,esfuerzo
sanchez,individual
sanchez,invisibilizando
sanchez,personas
sanchez,proviene
sanchez,interacción
sanchez,vecinos
sanchez,colegas
sanchez,padres
sanchez,familiares
sanchez,viven
sanchez,implicancias
sanchez,económicas
sanchez,xacerbación
sanchez,rol
sanchez,mercado
sanchez,producción
sanchez,bienes
sanchez,sociales
sanchez,eviene
sanchez,límites
sanchez,privados
sanchez,puedan
sanchez,entregar
sanchez,tales
sanchez,bienes
sanchez,tendiendo
sanchez,desmantelar
sanchez,público
sanchez,principal
sanchez,proveedor
sanchez,privatizando
sanchez,responsabilidad
sanchez,ciudadanos
sanchez,ciudadanas
sanchez,queda
sanchez,reducido
sanchez,rol
sanchez,subsidiario
sanchez,limitándose
sanchez,asumir
sanchez,tareas
sanchez,privados
sanchez,quieren
sanchez,asumir
sanchez,facilitar
sanchez,acceso
sanchez,bienes
sanchez,pudieron
sanchez,pagar
sanchez,esfuerzos
sanchez,combinación
sanchez,responsabilidad
sanchez,individual
sanchez,privatización
sanchez,subsidiariedad
sanchez,provoca
sanchez,segmentación
sanchez,servicios
sanchez,privado
sanchez,pagar
sanchez,público
sanchez,resto
sanchez,23
sanchez,camino
sanchez,proponemos
sanchez,sistema
sanchez,incentivos
sanchez,contribuir
sanchez,necesario
sanchez,mejoramiento
sanchez,sistema
sanchez,público
sanchez,utilizan
sanchez,incentivo
sanchez,rico
sanchez,contribuir
sanchez,pago
sanchez,impuestos
sanchez,participa
sanchez,sistema
sanchez,público
sanchez,dada
sanchez,representación
sanchez,elite
sanchez,decisiones
sanchez,políticas
sanchez,razones
sanchez,altruistas
sanchez,mejorar
sanchez,sistema
sanchez,público
sanchez,probable
sanchez,sistema
sanchez,mantenga
sanchez,nivel
sanchez,baja
sanchez,calidad
sanchez,chilenos
sanchez,sabrán
sanchez,sistema
sanchez,cumple
sanchez,objetivo
sanchez,nivelar
sanchez,cancha
sanchez,generar
sanchez,desarrollo
sanchez,equitativo
sanchez,igualdad
sanchez,oportunidades
sanchez,derechos
sanchez,universalmente
sanchez,garantizados
sanchez,desarrollo
sanchez,niño
sanchez,depende
sanchez,medida
sanchez,recursos
sanchez,cuenten
sanchez,padres
sanchez,perpetuando
sanchez,desigualdad
sanchez,generación
sanchez,generación
sanchez,pensemos
sanchez,hijo
sanchez,hija
sanchez,madre
sanchez,jefa
sanchez,hogar
sanchez,enfermedad
sanchez,inesperada
sanchez,simplemente
sanchez,queda
sanchez,deriva
sanchez,esquema
sanchez,social
sanchez,calidad
sanchez,colegio
sanchez,asisten
sanchez,niños
sanchez,niñas
sanchez,depende
sanchez,recursos
sanchez,padres
sanchez,preocupación
sanchez,buscar
sanchez,establecimiento
sanchez,hijos
sanchez,definición
sanchez,sociedad
sanchez,asegura
sanchez,igualdad
sanchez,oportunidades
sanchez,sociedad
sanchez,miedo
sanchez,cambio
sanchez,innovación
sanchez,fracaso
sanchez,probabilidad
sanchez,importante
sanchez,ocurrir
sanchez,consecuencia
sanchez,perder
sanchez,capacidad
sanchez,económica
sanchez,permite
sanchez,acceder
sanchez,bienes
sanchez,servicios
sanchez,sociales
sanchez,calidad
sanchez,sistema
sanchez,implantado
sanchez,dictadura
sanchez,militar
sanchez,podido
sanchez,salir
sanchez,pudimos
sanchez,decidir
sanchez,colectivamente
sanchez,sociedad
sanchez,modelo
sanchez,24
sanchez,camino
sanchez,proponemos
sanchez,queríamos
sanchez,chile
sanchez,futuro
sanchez,políticas
sanchez,concertacionistas
sanchez,profundizaron
sanchez,rol
sanchez,subsidiario
sanchez,privatización
sanchez,servicios
sanchez,ignorando
sanchez,implicancias
sanchez,sociales
sanchez,económicas
sanchez,políticas
sanchez,culturales
sanchez,descrito
sanchez,3.1.2
sanchez,visión
sanchez,avanzar
sanchez,soñamos
sanchez,país
sanchez,prime
sanchez,idea
sanchez,seguridad
sanchez,social
sanchez,entendida
sanchez,refuerce
sanchez,sentido
sanchez,comunidad
sanchez,sistema
sanchez,seguridad
sanchez,social
sanchez,contribuimos
sanchez,medida
sanchez,posibilidades
sanchez,accedemos
sanchez,medida
sanchez,necesidades
sanchez,enfrentar
sanchez,riesgos
sanchez,individuales
sanchez,solidaria
sanchez,colectiva
sanchez,momentos
sanchez,vidas
sanchez,podremos
sanchez,contribuir
sanchez,necesitaremos
sanchez,recibir
sanchez,solidaridad
sanchez,expresa
sanchez,mayores
sanchez,ingresos
sanchez,menores
sanchez,ingresos
sanchez,sanos
sanchez,enfermos
sanchez,trabajadores
sanchez,desempleados
sanchez,activos
sanchez,inactivos
sanchez,seguridad
sanchez,social
sanchez,implica
sanchez,comprensión
sanchez,acceso
sanchez,depende
sanchez,ingreso
sanchez,comprar
sanchez,condición
sanchez,ciudadanos
sanchez,ciudadanas
sanchez,buscamos
sanchez,desmercantilización
sanchez,aspectos
sanchez,vida
sanchez,mirada
sanchez,contribuye
sanchez,función
sanchez,posibilidades
sanchez,justamente
sanchez,sistema
sanchez,tributario
sanchez,contribuciones
sanchez,sociales
sanchez,seguridad
sanchez,social
sanchez,medida
sanchez,financiamiento
sanchez,acceso
sanchez,soluciones
sanchez,problemas
sanchez,públicos
sanchez,problema
sanchez,problema
sanchez,problema
sanchez,esquema
sanchez,personas
sanchez,mayores
sanchez,ingresos
sanchez,disposición
sanchez,aportar
sanchez,beneficiarios
sanchez,sistema
sanchez,formamos
sanchez,cultura
sanchez,solidaridad
sanchez,responsables
sanchez,calidad
sanchez,vida
sanchez,25
sanchez,camino
sanchez,proponemos
sanchez,3.1.3
sanchez,propuestas
sanchez,creemos
sanchez,firmemente
sanchez,niños
sanchez,niñas
sanchez,país
sanchez,derechos
sanchez,derecho
sanchez,discriminados
sanchez,derecho
sanchez,vivir
sanchez,sociedad
sanchez,seguridad
sanchez,independiente
sanchez,viven
sanchez,derecho
sanchez,recibir
sanchez,atención
sanchez,salud
sanchez,disponible
sanchez,caso
sanchez,necesitada
sanchez,independiente
sanchez,ingresos
sanchez,padres
sanchez,derecho
sanchez,desarrollar
sanchez,máximo
sanchez,capacidades
sanchez,encuentran
sanchez,proponemos
sanchez,desarrollar
sanchez,marco
sanchez,normativo
sanchez,basado
sanchez,convención
sanchez,internacional
sanchez,derechos
sanchez,niño
sanchez,chile
sanchez,ratificó
sanchez,1990
sanchez,niño
sanchez,niña
sanchez,derecho
sanchez,desarrollo
sanchez,pleno
sanchez,crecer
sanchez,libre
sanchez,violencia
sanchez,niños
sanchez,niñas
sanchez,adolescentes
sanchez,sujetos
sanchez,derechos
sanchez,participar
sanchez,decisiones
sanchez,afecten
sanchez,considerando
sanchez,principios
sanchez,autonomía
sanchez,progresiva
sanchez,interés
sanchez,superior
sanchez,niño
sanchez,institucionalidad
sanchez,necesitamos
sanchez,efectiva
sanchez,implementación
sanchez,sistema
sanchez,protección
sanchez,integral
sanchez,niñez
sanchez,nivel
sanchez,territorial
sanchez,realmente
sanchez,articulen
sanchez,distintos
sanchez,sectores
sanchez,requiere
sanchez,establecimiento
sanchez,procedimientos
sanchez,ley
sanchez,tribunales
sanchez,familia
sanchez,profunda
sanchez,reforma
sanchez,sename
sanchez,21
sanchez,camino
sanchez,proponemos
sanchez,educación
sanchez,parvularia
sanchez,fundamental
sanchez,fortalecer
sanchez,ampliar
sanchez,profunda
sanchez,nivel
sanchez,educacional
sanchez,cobertura
sanchez,alcanza
sanchez,sectores
sanchez,menores
sanchez,recursos
sanchez,efectiva
sanchez,necesario
sanchez,mejorar
sanchez,condiciones
sanchez,materiales
sanchez,calidad
sanchez,procesos
sanchez,pedagógicos
sanchez,centrados
sanchez,desarrollo
sanchez,afectivo
sanchez,cognitivo
sanchez,niños
sanchez,niñas
sanchez,incorporar
sanchez,participación
sanchez,padres
sanchez,colectivo
sanchez,requiere
sanchez,revisar
sanchez,reformular
sanchez,articulación
sanchez,gestión
sanchez,institucional
sanchez,nivel
sanchez,sistema
sanchez,escolar
sanchez,chileno
sanchez,favoreciendo
sanchez,propuesta
sanchez,institucional
sanchez,garantice
sanchez,promueva
sanchez,transición
sanchez,educación
sanchez,escolar
sanchez,enfocada
sanchez,necesidades
sanchez,requerimientos
sanchez,niños
sanchez,niñas
sanchez,27
sanchez,camino
sanchez,proponemos
sanchez,debemos
sanchez,cambiar
sanchez,radicalmente
sanchez,paradigma
sanchez,guía
sanchez,sistema
sanchez,educativo
sanchez,permitir
sanchez,motor
sanchez,derechos
sanchez,sociales
sanchez,relevantes
sanchez,desarrollo
sanchez,país
sanchez,competencia
sanchez,mercado
sanchez,debemos
sanchez,impulsar
sanchez,sistema
sanchez,educacional
sanchez,basado
sanchez,confianza
sanchez,colaboración
sanchez,red
sanchez,aprovechamiento
sanchez,recursos
sanchez,sumando
sanchez,local
sanchez,comunitario
sanchez,educación
sanchez,reflejar
sanchez,diversidad
sanchez,riqueza
sanchez,paradigma
sanchez,educación
sanchez,construimos
sanchez,solidariamente
sanchez,sociedad
sanchez,creemos
sanchez,educación
sanchez,consumo
sanchez,creemos
sanchez,derecho
sanchez,social
sanchez,alcance
sanchez,sistema
sanchez,escolar
sanchez,terminar
sanchez,competencia
sanchez,lógica
sanchez,mercado
sanchez,requiere
sanchez,reemplazar
sanchez,sistema
sanchez,financiamiento
sanchez,demanda
sanchez,subvención
sanchez,sistema
sanchez,financiamiento
sanchez,oferta
sanchez,aporte
sanchez,basal
sanchez,suficiente
sanchez,asegurar
sanchez,condiciones
sanchez,calidad
sanchez,tarea
sanchez,urgente
sanchez,recuperar
sanchez,educación
sanchez,pública
sanchez,poniéndola
sanchez,centro
sanchez,sistema
sanchez,escolar
sanchez,paradigma
sanchez,calidad
sanchez,reemplazando
sanchez,sistema
sanchez,rendición
sanchez,cuentas
sanchez,aseguramiento
sanchez,calidad
sanchez,basado
sanchez,mecanismos
sanchez,mercantiles
sanchez,sistema
sanchez,apoyo
sanchez,basado
sanchez,colaboración
sanchez,escuelas
sanchez,mejoramiento
sanchez,carrera
sanchez,docente
sanchez,activa
sanchez,lucha
sanchez,disminuir
sanchez,segregación
sanchez,escolar
sanchez,lastra
sanchez,sistema
sanchez,escolar
sanchez,repensar
sanchez,concepto
sanchez,calidad
sanchez,transforme
sanchez,pesadilla
sanchez,estandarizadora
sanchez,profesores
sanchez,estudiantes
sanchez,padres
sanchez,oportunidad
sanchez,aprovechar
sanchez,talentos
sanchez,capacidades
sanchez,niños
sanchez,jóvenes
sanchez,habilidades
sanchez,docentes
sanchez,apoyo
sanchez,padres
sanchez,apoderados
sanchez,28
sanchez,camino
sanchez,proponemos
sanchez,educación
sanchez,superior
sanchez,eliminar
sanchez,completamente
sanchez,posibilidad
sanchez,lucro
sanchez,reemplazar
sanchez,financiamiento
sanchez,vía
sanchez,cobro
sanchez,aranceles
sanchez,cae
sanchez,financiamiento
sanchez,carácter
sanchez,global
sanchez,instituciones
sanchez,públicas
sanchez,educación
sanchez,superior
sanchez,base
sanchez,serie
sanchez,criterios
sanchez,definir
sanchez,matrícula
sanchez,estudiantes
sanchez,mayores
sanchez,recursos
sanchez,asignando
sanchez,educación
sanchez,superior
sanchez,permitir
sanchez,configuración
sanchez,sistema
sanchez,generalizado
sanchez,financiamiento
sanchez,demanda
sanchez,implementó
sanchez,sistema
sanchez,escolar
sanchez,80
sanchez,29
sanchez,camino
sanchez,proponemos
sanchez,ámbito
sanchez,salud
sanchez,distinto
sanchez,panorama
sanchez,descrito
sanchez,anteriormente
sanchez,educación
sanchez,esquema
sanchez,mercado
sanchez,segregado
sanchez,chilenos
sanchez,condenado
sanchez,vivir
sanchez,mundos
sanchez,paralelos
sanchez,distintos
sanchez,salud
sanchez,ricos
sanchez,alta
sanchez,capacidad
sanchez,asistencial
sanchez,cantidad
sanchez,recursos
sanchez,disponibles
sanchez,pobres
sanchez,carencias
sanchez,limitaciones
sanchez,asistenciales
sanchez,desfinanciamiento
sanchez,crónico
sanchez,sistema
sanchez,refleja
sanchez,largas
sanchez,esperas
sanchez,recibir
sanchez,atención
sanchez,debemos
sanchez,cambiar
sanchez,radical
sanchez,forma
sanchez,planteamos
sanchez,desarrollo
sanchez,sistema
sanchez,salud
sanchez,sacándolo
sanchez,paradigma
sanchez,mercado
sanchez,retornándolo
sanchez,público
sanchez,entienda
sanchez,salud
sanchez,derecho
sanchez,aporte
sanchez,capacidad
sanchez,reciba
sanchez,necesidad
sanchez,obliga
sanchez,pensar
sanchez,sistema
sanchez,salud
sanchez,globalidad
sanchez,subsistemas
sanchez,forma
sanchez,aislada
sanchez,público
sanchez,privado
sanchez,reforma
sanchez,transformadora
sanchez,sector
sanchez,asegurar
sanchez,salud
sanchez,digna
sanchez,requiere
sanchez,solidaridad
sanchez,igualdad
sanchez,chilenos
sanchez,crearemos
sanchez,seguro
sanchez,único
sanchez,salud
sanchez,universal
sanchez,solidario
sanchez,renovada
sanchez,infraestructura
sanchez,pública
sanchez,involucrar
sanchez,plan
sanchez,mediano
sanchez,plazo
sanchez,termine
sanchez,tremenda
sanchez,transferencia
sanchez,sistema
sanchez,público
sanchez,privado
sanchez,requerimos
sanchez,urgencia
sanchez,sistema
sanchez,pensiones
sanchez,diseñado
sanchez,principios
sanchez,seguridad
sanchez,social
sanchez,terminando
sanchez,afp
sanchez,sistema
sanchez,solidario
sanchez,eficientemente
sanchez,administrado
sanchez,reconozca
sanchez,tipos
sanchez,incluido
sanchez,remunerado
sanchez,realiza
sanchez,hogares
sanchez,labores
sanchez,domésticas
sanchez,cuidado
sanchez,cuya
sanchez,meta
sanchez,asegurar
sanchez,condiciones
sanchez,vida
sanchez,vejez
sanchez,pobreza
sanchez,igualdad
sanchez,menor
sanchez,vulnerabilidad
sanchez,30
sanchez,camino
sanchez,proponemos
sanchez,vivienda
sanchez,urbanismo
sanchez,necesitamos
sanchez,política
sanchez,vivienda
sanchez,identifique
sanchez,ciudad
sanchez,foco
sanchez,políticas
sanchez,desarrollo
sanchez,territorial
sanchez,institucionalidad
sanchez,pública
sanchez,planificación
sanchez,urbana
sanchez,especializada
sanchez,formulación
sanchez,estructuración
sanchez,ejecución
sanchez,operación
sanchez,proyectos
sanchez,urbanos
sanchez,gestión
sanchez,inmobiliaria
sanchez,infraestructura
sanchez,social
sanchez,entidades
sanchez,oficiales
sanchez,permita
sanchez,asegurar
sanchez,ordenamiento
sanchez,territorial
sanchez,presencia
sanchez,servicios
sanchez,básicos
sanchez,desarrollo
sanchez,urbano
sanchez,sustentabilidad
sanchez,disponibilidad
sanchez,real
sanchez,vivienda
sanchez,pública
sanchez,marco
sanchez,derechos
sanchez,reproductivos
sanchez,sexuales
sanchez,pertinente
sanchez,avanzar
sanchez,ejes
sanchez,centrales
sanchez,despenalización
sanchez,interrupción
sanchez,aborto
sanchez,promoviendo
sanchez,mujeres
sanchez,derecho
sanchez,proyecto
sanchez,vida
sanchez,desean
sanchez,planificación
sanchez,familiar
sanchez,intereses
sanchez,eje
sanchez,corresponde
sanchez,promoción
sanchez,educación
sanchez,sexual
sanchez,creación
sanchez,servicios
sanchez,salud
sanchez,reproductiva
sanchez,jóvenes
sanchez,adolescentes
sanchez,objetivo
sanchez,reducir
sanchez,enfermedades
sanchez,infecciones
sanchez,transmisión
sanchez,sexual
sanchez,disminuir
sanchez,embarazo
sanchez,adolescente
sanchez,promover
sanchez,visión
sanchez,saludable
sanchez,sexualidad
sanchez,enfoque
sanchez,inclusivo
sanchez,finalmente
sanchez,tercer
sanchez,eje
sanchez,consideraría
sanchez,derechos
sanchez,reproductivos
sanchez,sexuales
sanchez,personas
sanchez,lgbti
sanchez,considerando
sanchez,derechos
sanchez,filiativos
sanchez,personas
sanchez,sexo
sanchez,derecho
sanchez,identidad
sanchez,género
sanchez,caso
sanchez,personas
sanchez,trans
sanchez,vida
sanchez,libre
sanchez,discriminación
sanchez,personas
sanchez,lgbti
sanchez,31
sanchez,camino
sanchez,proponemos
sanchez,vida
sanchez,segura
sanchez,proponemos
sanchez,discutir
sanchez,agenda
sanchez,integral
sanchez,abordar
sanchez,fenómeno
sanchez,delincuencia
sanchez,seguridad
sanchez,pública
sanchez,populismo
sanchez,penal
sanchez,fracasado
sanchez,objetivo
sanchez,traer
sanchez,tranquilidad
sanchez,ciudadanía
sanchez,apuesta
sanchez,mejorar
sanchez,nivel
sanchez,prevención
sanchez,delito
sanchez,creando
sanchez,entornos
sanchez,seguros
sanchez,oportunidades
sanchez,mejorando
sanchez,coordinación
sanchez,gestión
sanchez,policías
sanchez,comunidades
sanchez,dando
sanchez,apoyo
sanchez,víctimas
sanchez,delitos
sanchez,fortaleciendo
sanchez,ministerio
sanchez,público
sanchez,sobrecargado
sanchez,reformando
sanchez,sistema
sanchez,penitenciario
sanchez,sirva
sanchez,función
sanchez,cumplir
sanchez,condena
sanchez,garantía
sanchez,derechos
sanchez,fundamentales
sanchez,permitiendo
sanchez,real
sanchez,reinserción
sanchez,laboral
sanchez,evitar
sanchez,reinserción
sanchez,delictual
sanchez,32
sanchez,camino
sanchez,proponemos
sanchez,3.2
sanchez,estrategia
sanchez,desarrollo
sanchez,3.2.1
sanchez,diagnóstico
sanchez,estrategia
sanchez,chilena
sanchez,desarrollo
sanchez,enfrenta
sanchez,problemas
sanchez,sumamente
sanchez,relevantes
sanchez,relacionados
sanchez,estancamiento
sanchez,productividad
sanchez,fines
sanchez,90
sanchez,expresa
sanchez,menor
sanchez,tasa
sanchez,crecimiento
sanchez,modelo
sanchez,chileno
sanchez,rentista
sanchez,extractivista
sanchez,agotado
sanchez,alta
sanchez,concentración
sanchez,asociado
sanchez,decisiones
sanchez,económicas
sanchez,generar
sanchez,estructural
sanchez,altos
sanchez,niveles
sanchez,desigualdad
sanchez,importantes
sanchez,efectos
sanchez,democracia
sanchez,restringiendo
sanchez,sustantivamente
sanchez,ejercicio
sanchez,voluntad
sanchez,mayoría
sanchez,sociedad
sanchez,encontramos
sanchez,círculo
sanchez,vicioso
sanchez,concentración
sanchez,estancamiento
sanchez,económico
sanchez,efecto
sanchez,chile
sanchez,invertimos
sanchez,"0,4"
sanchez,pib
sanchez,investigación
sanchez,desarrollo
sanchez,comparado
sanchez,"2,4"
sanchez,promedio
sanchez,ocde
sanchez,esfuerzo
sanchez,universidades
sanchez,60
sanchez,investigación
sanchez,países
sanchez,avanzados
sanchez,empresas
sanchez,estancamiento
sanchez,productivo
sanchez,innovación
sanchez,estrecha
sanchez,relación
sanchez,estructura
sanchez,exportadora
sanchez,concentrada
sanchez,recursos
sanchez,naturales
sanchez,evolucionado
sanchez,33
sanchez,camino
sanchez,proponemos
sanchez,50
sanchez,años
sanchez,incorporado
sanchez,tecnología
sanchez,desarrollarla
sanchez,seguimos
sanchez,exportando
sanchez,bienes
sanchez,conocimiento
sanchez,incorporado
sanchez,estrategia
sanchez,desarrollo
sanchez,alta
sanchez,concentración
sanchez,propiedad
sanchez,importantes
sanchez,rentas
sanchez,económicas
sanchez,empresarios
sanchez,rentabilidades
sanchez,altas
sanchez,países
sanchez,necesidad
sanchez,innovar
sanchez,generar
sanchez,ideas
sanchez,cambiar
sanchez,condición
sanchez,fundamental
sanchez,economía
sanchez,constituirá
sanchez,freno
sanchez,insoslayable
sanchez,desarrollo
sanchez,estrategia
sanchez,aborde
sanchez,alta
sanchez,concentración
sanchez,propiedad
sanchez,países
sanchez,crecen
sanchez,innovación
sanchez,base
sanchez,recursos
sanchez,naturales
sanchez,reproduce
sanchez,concentración
sanchez,riqueza
sanchez,genera
sanchez,estabilidad
sanchez,crecimiento
sanchez,económico
sanchez,alta
sanchez,concentración
sanchez,económico
sanchez,suma
sanchez,legislación
sanchez,laboral
sanchez,sumamente
sanchez,desfavorable
sanchez,trabajadoras
sanchez,trabajadores
sanchez,legislación
sanchez,promueve
sanchez,formas
sanchez,negociación
sanchez,colectiva
sanchez,multi
sanchez,nivel
sanchez,acorde
sanchez,realidad
sanchez,productiva
sanchez,redunda
sanchez,ciento
sanchez,trabajadoras
sanchez,trabajadores
sanchez,chilenos
sanchez,puedan
sanchez,acceder
sanchez,contrato
sanchez,colectivo
sanchez,diferencia
sanchez,sesenta
sanchez,ciento
sanchez,promedio
sanchez,países
sanchez,ocde
sanchez,modelo
sanchez,desarrollo
sanchez,alta
sanchez,concentración
sanchez,innovación
sanchez,basado
sanchez,apropiación
sanchez,rentas
sanchez,económicas
sanchez,legislación
sanchez,laboral
sanchez,efectivo
sanchez,grueso
sanchez,trabajadoras
sanchez,trabajadores
sanchez,amplia
sanchez,gama
sanchez,consecuencias
sanchez,económicas
sanchez,sociales
sanchez,culturales
sanchez,ambientales
sanchez,cuelas
sanchez,enumerar
sanchez,34
sanchez,camino
sanchez,proponemos
sanchez,alta
sanchez,desigualdad
sanchez,económica
sanchez,chile
sanchez,país
sanchez,altísima
sanchez,desigualdad
sanchez,ingresos
sanchez,riqueza
sanchez,país
sanchez,nivel
sanchez,desigualdad
sanchez,países
sanchez,ocde
sanchez,encuesta
sanchez,casen
sanchez,2015
sanchez,muestra
sanchez,coeficiente
sanchez,desigualdad
sanchez,gini
sanchez,0.48
sanchez,nivel
sanchez,alto
sanchez,compara
sanchez,región
sanchez,alto
sanchez,compara
sanchez,países
sanchez,desarrollados
sanchez,promedio
sanchez,unión
sanchez,europea
sanchez,0.3
sanchez,datos
sanchez,encuesta
sanchez,suplementaria
sanchez,ingresos
sanchez,esi
sanchez,2015
sanchez,ingreso
sanchez,promedio
sanchez,ocupados
sanchez,chile
sanchez,505.000
sanchez,50
sanchez,ocupados
sanchez,percibe
sanchez,340.000
sanchez,cabe
sanchez,destacar
sanchez,brecha
sanchez,género
sanchez,ingresos
sanchez,géneros
sanchez,mujeres
sanchez,ganan
sanchez,promedio
sanchez,"31,6"
sanchez,hombres
sanchez,ve
sanchez,agravado
sanchez,ingreso
sanchez,mercado
sanchez,laboral
sanchez,libera
sanchez,mujeres
sanchez,labores
sanchez,domésticas
sanchez,siguen
sanchez,medida
sanchez,manos
sanchez,situación
sanchez,desigualdad
sanchez,económica
sanchez,dramática
sanchez,ponemos
sanchez,mirada
sanchez,ingreso
sanchez,rico
sanchez,población
sanchez,estudio
sanchez,banco
sanchez,mundial
sanchez,basado
sanchez,datos
sanchez,sistema
sanchez,tributario
sanchez,33
sanchez,ingreso
sanchez,genera
sanchez,economía
sanchez,año
sanchez,captado
sanchez,rico
sanchez,"19,5"
sanchez,"0,1"
sanchez,camino
sanchez,proponemos
sanchez,desequilibrio
sanchez,ambiental
sanchez,modelo
sanchez,desarrollo
sanchez,ecológicamente
sanchez,sustentable
sanchez,ganancias
sanchez,rentistas
sanchez,concentradas
sanchez,normalmente
sanchez,viven
sanchez,comunidades
sanchez,sufren
sanchez,impacto
sanchez,ambiental
sanchez,nocivo
sanchez,proyectos
sanchez,suele
sanchez,existir
sanchez,despreocupación
sanchez,consecuencias
sanchez,ambientales
sanchez,negativas
sanchez,desconcentración
sanchez,economía
sanchez,económico
sanchez,comunidades
sanchez,verían
sanchez,afectadas
sanchez,impacto
sanchez,ambiental
sanchez,proyectos
sanchez,debería
sanchez,redundar
sanchez,forma
sanchez,producir
sanchez,ecológicamente
sanchez,sustentable
sanchez,democracia
sanchez,baja
sanchez,intensidad
sanchez,concentración
sanchez,decisiones
sanchez,económicas
sanchez,envergadura
sanchez,familias
sanchez,sucede
sanchez,caso
sanchez,chileno
sanchez,importantes
sanchez,efectos
sanchez,posibilidad
sanchez,efectiva
sanchez,ciudadanos
sanchez,incidir
sanchez,curso
sanchez,político
sanchez,sociedad
sanchez,querer
sanchez,subir
sanchez,impuestos
sanchez,generar
sanchez,distribución
sanchez,ingresos
sanchez,desafiado
sanchez,amenaza
sanchez,menor
sanchez,inversión
sanchez,realizan
sanchez,empresarios
sanchez,querer
sanchez,asegurar
sanchez,derechos
sanchez,sociales
sanchez,constitución
sanchez,relación
sanchez,equilibrada
sanchez,ambiente
sanchez,desarrollo
sanchez,económico
sanchez,ve
sanchez,dificultado
sanchez,pequeño
sanchez,grupo
sanchez,toma
sanchez,decisiones
sanchez,económicas
sanchez,genera
sanchez,incertidumbre
sanchez,indeterminación
sanchez,democracia
sanchez,representan
sanchez,intereses
sanchez,mayoría
sanchez,decisiones
sanchez,económicas
sanchez,invertir
sanchez,determinan
sanchez,aspectos
sanchez,fundamentales
sanchez,sociedad
sanchez,ende
sanchez,concentración
sanchez,familias
sanchez,dificulta
sanchez,capacidad
sanchez,definir
sanchez,vivir
sanchez,sociedad
sanchez,36
sanchez,camino
sanchez,proponemos
sanchez,dimensión
sanchez,económica
sanchez,cuestión
sanchez,mapuche
sanchez,extrema
sanchez,concentración
sanchez,propiedad
sanchez,tierras
sanchez,deriva
sanchez,estrategia
sanchez,desarrollo
sanchez,principal
sanchez,causa
sanchez,económica
sanchez,actual
sanchez,conflicto
sanchez,político
sanchez,chileno
sanchez,comunidades
sanchez,mapuches
sanchez,cabe
sanchez,mencionar
sanchez,familias
sanchez,patrimonio
sanchez,sur
sanchez,chile
sanchez,controlan
sanchez,directamente
sanchez,millones
sanchez,hectáreas
sanchez,predios
sanchez,forestales
sanchez,emplazadas
sanchez,territorio
sanchez,mapuche
sanchez,significativa
sanchez,acarrea
sanchez,problemas
sanchez,población
sanchez,mapuche
sanchez,600
sanchez,mil
sanchez,hectáreas
sanchez,posibilidades
sanchez,recuperar
sanchez,tierras
sanchez,pasan
sanchez,disminución
sanchez,drástica
sanchez,patrimonio
sanchez,forestal
sanchez,poderosas
sanchez,familias
sanchez,industria
sanchez,forestal
sanchez,monopoliza
sanchez,vocación
sanchez,productiva
sanchez,territorio
sanchez,implica
sanchez,alternativas
sanchez,jóvenes
sanchez,mapuche
sanchez,reducen
sanchez,economía
sanchez,subsistencia
sanchez,migración
sanchez,cinturones
sanchez,pobreza
sanchez,ciudades
sanchez,santiago
sanchez,concepción
sanchez,forestales
sanchez,unirse
sanchez,resistencia
sanchez,mapuche
sanchez,sabotear
sanchez,industria
sanchez,forestal
sanchez,corrupción
sanchez,creciente
sanchez,chile
sanchez,invertir
sanchez,regulación
sanchez,ambiental
sanchez,laboral
sanchez,tributaria
sanchez,favorable
sanchez,camino
sanchez,seguro
sanchez,obtener
sanchez,altas
sanchez,utilidades
sanchez,sectores
sanchez,productivos
sanchez,rentabilidad
sanchez,inversión
sanchez,pasa
sanchez,lograr
sanchez,apropiarse
sanchez,renta
sanchez,recurso
sanchez,natural
sanchez,pertenece
sanchez,incentivos
sanchez,legal
sanchez,ilegal
sanchez,logren
sanchez,regulaciones
sanchez,favorables
sanchez,extracción
sanchez,condición
sanchez,economía
sanchez,genera
sanchez,probabilidad
sanchez,ocurran
sanchez,casos
sanchez,corrupción
sanchez,captura
sanchez,política
sanchez,empresariado
sanchez,desvía
sanchez,37
sanchez,camino
sanchez,proponemos
sanchez,desequilibrio
sanchez,ambiental
sanchez,concentración
sanchez,decisiones
sanchez,económicas
sanchez,envergadura
sanchez,familias
sanchez,sucede
sanchez,caso
sanchez,chileno
sanchez,importantes
sanchez,efectos
sanchez,posibilidad
sanchez,efectiva
sanchez,ciudadanos
sanchez,incidir
sanchez,curso
sanchez,político
sanchez,sociedad
sanchez,querer
sanchez,subir
sanchez,impuestos
sanchez,generar
sanchez,distribución
sanchez,ingresos
sanchez,desafiado
sanchez,amenaza
sanchez,menor
sanchez,inversión
sanchez,realizan
sanchez,empresarios
sanchez,querer
sanchez,asegurar
sanchez,derechos
sanchez,sociales
sanchez,constitución
sanchez,relación
sanchez,equilibrada
sanchez,ambiente
sanchez,desarrollo
sanchez,económico
sanchez,ve
sanchez,dificultado
sanchez,pequeño
sanchez,grupo
sanchez,toma
sanchez,decisiones
sanchez,económicas
sanchez,genera
sanchez,incertidumbre
sanchez,indeterminación
sanchez,democracia
sanchez,representan
sanchez,intereses
sanchez,mayoría
sanchez,decisiones
sanchez,económicas
sanchez,invertir
sanchez,determinan
sanchez,aspectos
sanchez,fundamentales
sanchez,sociedad
sanchez,ende
sanchez,concentración
sanchez,familias
sanchez,dificulta
sanchez,capacidad
sanchez,definir
sanchez,vivir
sanchez,sociedad
sanchez,38
sanchez,camino
sanchez,proponemos
sanchez,3.2.2
sanchez,estrategia
sanchez,desarrollo
sanchez,cuadro
sanchez,ilustra
sanchez,diversas
sanchez,razones
sanchez,porqué
sanchez,chile
sanchez,requiere
sanchez,modelo
sanchez,desarrollo
sanchez,necesita
sanchez,reemplazado
sanchez,desconcentración
sanchez,económico
sanchez,cambio
sanchez,paulatino
sanchez,matriz
sanchez,productiva
sanchez,permitan
sanchez,crecimiento
sanchez,sostenido
sanchez,sustentable
sanchez,términos
sanchez,ambientales
sanchez,reducir
sanchez,niveles
sanchez,desigualdad
sanchez,aumentar
sanchez,innovación
sanchez,creatividad
sanchez,incrementar
sanchez,trabajadores
sanchez,autonomía
sanchez,territorial
sanchez,pueblos
sanchez,originarios
sanchez,discutir
sanchez,enfoque
sanchez,bienes
sanchez,comunes
sanchez,necesarios
sanchez,desarrollo
sanchez,sostenible
sanchez,siglo
sanchez,xxi
sanchez,políticas
sanchez,públicas
sanchez,rol
sanchez,fundamental
sanchez,romper
sanchez,círculo
sanchez,vicioso
sanchez,estancamiento
sanchez,productivo
sanchez,concentración
sanchez,decisiones
sanchez,económicas
sanchez,marcha
sanchez,fuerte
sanchez,estrategia
sanchez,innovación
sanchez,desarrollo
sanchez,áreas
sanchez,productivas
sanchez,genere
sanchez,senda
sanchez,crecimiento
sanchez,distribuyendo
sanchez,genere
sanchez,calor
sanchez,crecimiento
sanchez,asegurando
sanchez,cuidado
sanchez,ambiente
sanchez,emprendedor
sanchez,asuma
sanchez,riesgos
sanchez,traer
sanchez,bienestar
sanchez,sociedad
sanchez,apueste
sanchez,ideas
sanchez,haga
sanchez,diversificando
sanchez,diluyendo
sanchez,político
sanchez,39
sanchez,camino
sanchez,proponemos
sanchez,deriva
sanchez,económico
sanchez,política
sanchez,pública
sanchez,mover
sanchez,economía
sanchez,chilena
sanchez,dinámica
sanchez,virtuosa
sanchez,inversión
sanchez,tecnologías
sanchez,haga
sanchez,difícil
sanchez,grupo
sanchez,pequeño
sanchez,controle
sanchez,grueso
sanchez,decisiones
sanchez,económicas
sanchez,economía
sanchez,democracia
sanchez,economía
sanchez,crecerá
sanchez,estable
sanchez,crecerá
sanchez,forma
sanchez,distinta
sanchez,favor
sanchez,mayorías
sanchez,equilibrio
sanchez,medios
sanchez,ambiente
sanchez,3.2.3
sanchez,propuestas
sanchez,plan
sanchez,nacional
sanchez,innovación
sanchez,desarrollo
sanchez,áreas
sanchez,productivas
sanchez,pensado
sanchez,ejecutado
sanchez,regiones
sanchez,diálogo
sanchez,social
sanchez,participe
sanchez,mundo
sanchez,científico
sanchez,universidades
sanchez,comunidades
sanchez,territorio
sanchez,estrategia
sanchez,busque
sanchez,posibilidades
sanchez,creación
sanchez,beneficien
sanchez,grueso
sanchez,comunidad
sanchez,incluir
sanchez,desarrollo
sanchez,laboratorios
sanchez,infraestructura
sanchez,tecnológica
sanchez,calidad
sanchez,conjunto
sanchez,sector
sanchez,privado
sanchez,realización
sanchez,investigación
sanchez,aplicada
sanchez,sector
sanchez,productivo
sanchez,resolución
sanchez,problemas
sanchez,país
sanchez,foco
sanchez,específico
sanchez,desafíos
sanchez,regionales
sanchez,40
sanchez,camino
sanchez,proponemos
sanchez,acuerdos
sanchez,inversión
sanchez,público
sanchez,privada
sanchez,conjunto
sanchez,participantes
sanchez,claves
sanchez,exterior
sanchez,expandir
sanchez,capacidades
sanchez,tecnológicas
sanchez,requeridas
sanchez,país
sanchez,aumentar
sanchez,fuertemente
sanchez,inversión
sanchez,realiza
sanchez,ciencia
sanchez,tecnología
sanchez,innovación
sanchez,emprendimiento
sanchez,inversión
sanchez,crecimiento
sanchez,futuro
sanchez,promueve
sanchez,país
sanchez,equitativo
sanchez,estimular
sanchez,ecosistema
sanchez,favorezca
sanchez,creación
sanchez,conocimiento
sanchez,áreas
sanchez,productivas
sanchez,sustentabilidad
sanchez,capacidad
sanchez,aplicar
sanchez,tierra
sanchez,recursos
sanchez,naturales
sanchez,manos
sanchez,inversión
sanchez,incremental
sanchez,hacerse
sanchez,función
sanchez,objetivos
sanchez,país
sanchez,mediano
sanchez,plazo
sanchez,gobernanzas
sanchez,claras
sanchez,objetivos
sanchez,medibles
sanchez,términos
sanchez,resultados
sanchez,transparentes
sanchez,cara
sanchez,sociedad
sanchez,inversión
sanchez,implica
sanchez,brindar
sanchez,infraestructura
sanchez,tecnológica
sanchez,común
sanchez,favorezca
sanchez,generación
sanchez,distribuida
sanchez,debemos
sanchez,potenciar
sanchez,capacidad
sanchez,investigación
sanchez,empresas
sanchez,gobierno
sanchez,universidades
sanchez,dando
sanchez,espacio
sanchez,paso
sanchez,mil
sanchez,doctorandos
sanchez,financiando
sanchez,graduando
sanchez,año
sanchez,orientando
sanchez,formación
sanchez,capacidades
sanchez,avanzadas
sanchez,relacionándolas
sanchez,necesidades
sanchez,vocaciones
sanchez,país
sanchez,implica
sanchez,expandir
sanchez,educación
sanchez,técnica
sanchez,forma
sanchez,significativa
sanchez,producir
sanchez,coordinadamente
sanchez,técnicos
sanchez,puedan
sanchez,responder
sanchez,desafíos
sanchez,presentes
sanchez,futuros
sanchez,involucrar
sanchez,decididamente
sanchez,empresas
sanchez,medianas
sanchez,pequeñas
sanchez,apoyando
sanchez,capacidad
sanchez,innovar
sanchez,41
sanchez,camino
sanchez,proponemos
sanchez,criterios
sanchez,inversión
sanchez,fondos
sanchez,previsionales
sanchez,administrados
sanchez,afp
sanchez,promoviendo
sanchez,invierta
sanchez,preferentemente
sanchez,empresas
sanchez,generen
sanchez,impacto
sanchez,negativo
sanchez,ambiente
sanchez,empresas
sanchez,distribuyan
sanchez,fracción
sanchez,salarios
sanchez,utilidades
sanchez,empresas
sanchez,salarios
sanchez,iguales
sanchez,hombres
sanchez,mujeres
sanchez,mujeres
sanchez,accedan
sanchez,proporción
sanchez,espacios
sanchez,proponemos
sanchez,cambiar
sanchez,forma
sanchez,fondos
sanchez,pensiones
sanchez,determinan
sanchez,fracción
sanchez,directores
sanchez,corresponde
sanchez,empresa
sanchez,fracción
sanchez,acciones
sanchez,particular
sanchez,trabajadores
sanchez,empresa
sanchez,definan
sanchez,democrática
sanchez,tales
sanchez,directores
sanchez,economía
sanchez,representación
sanchez,trabajadores
sanchez,decisiones
sanchez,empresas
sanchez,proporcional
sanchez,propiedad
sanchez,tales
sanchez,empresas
sanchez,vía
sanchez,ahorros
sanchez,previsionales
sanchez,plan
sanchez,nacional
sanchez,generación
sanchez,cooperativas
sanchez,proponemos
sanchez,seguir
sanchez,experiencias
sanchez,exitosas
sanchez,cooperativas
sanchez,mundo
sanchez,mondragon
sanchez,país
sanchez,vasco
sanchez,experiencias
sanchez,demostrado
sanchez,capaces
sanchez,trabajadores
sanchez,entregando
sanchez,estabilidad
sanchez,empleos
sanchez,salarios
sanchez,altos
sanchez,altos
sanchez,niveles
sanchez,innovación
sanchez,productiva
sanchez,camino
sanchez,proponemos
sanchez,habilitación
sanchez,sistema
sanchez,negociación
sanchez,colectiva
sanchez,multi
sanchez,nivel
sanchez,negociación
sanchez,colectiva
sanchez,intersectorial
sanchez,sectorial
sanchez,ramal
sanchez,empresa
sanchez,formas
sanchez,compatibles
sanchez,negociación
sanchez,colectiva
sanchez,concurren
sanchez,fijar
sanchez,condiciones
sanchez,negociación
sanchez,distintos
sanchez,niveles
sanchez,permitir
sanchez,aumentar
sanchez,niveles
sanchez,salarios
sanchez,presionará
sanchez,empresas
sanchez,generar
sanchez,mejoras
sanchez,productividad
sanchez,principio
sanchez,establecimiento
sanchez,derecho
sanchez,negociar
sanchez,colectivamente
sanchez,trabajadores
sanchez,subcontratados
sanchez,empresa
sanchez,principal
sanchez,terminará
sanchez,discriminaciones
sanchez,odiosas
sanchez,trabajadores
sanchez,nombre
sanchez,subcontratación
sanchez,utilizada
sanchez,labores
sanchez,giro
sanchez,principal
sanchez,empresa
sanchez,ampliación
sanchez,materias
sanchez,negociación
sanchez,colectiva
sanchez,permitir
sanchez,tipo
sanchez,acuerdos
sanchez,colectivos
sanchez,trabajadores
sanchez,empleadores
sanchez,restricciones
sanchez,materias
sanchez,trate
sanchez,cuestiones
sanchez,naturaleza
sanchez,económica
sanchez,cuestiones
sanchez,generales
sanchez,condiciones
sanchez,incluyendo
sanchez,facultades
sanchez,dirección
sanchez,empresa
sanchez,derogación
sanchez,actual
sanchez,artículo
sanchez,303
sanchez,código
sanchez,camino
sanchez,proponemos
sanchez,3.3
sanchez,democracia
sanchez,plena
sanchez,3.3.1
sanchez,diagnóstico
sanchez,pacto
sanchez,gobernabilidad
sanchez,instalado
sanchez,chile
sanchez,inicios
sanchez,noventa
sanchez,privilegió
sanchez,acuerdos
sanchez,coalición
sanchez,gobernante
sanchez,derecha
sanchez,política
sanchez,grupos
sanchez,empresariales
sanchez,país
sanchez,democracia
sanchez,consensos
sanchez,realidad
sanchez,esquema
sanchez,gobiernoconstruido
sanchez,asegurar
sanchez,estabilidad
sanchez,crecimiento
sanchez,económico
sanchez,costa
sanchez,renunciar
sanchez,ampliación
sanchez,espacios
sanchez,participación
sanchez,deliberación
sanchez,ciudadana
sanchez,producción
sanchez,acuerdos
sanchez,mayorías
sanchez,ciudadanas
sanchez,organizaciones
sanchez,sociales
sanchez,expresivas
sanchez,diversidad
sanchez,país
sanchez,quedando
sanchez,progresivamente
sanchez,excluidas
sanchez,retórica
sanchez,consensos
sanchez,sentido
sanchez,tradujo
sanchez,práctica
sanchez,enun
sanchez,aseguraba
sanchez,representación
sanchez,sector
sanchez,minoritario
sanchez,poderoso
sanchez,sociedad
sanchez,construido
sanchez,bloquear
sanchez,posibilidades
sanchez,reformas
sanchez,democráticas
sanchez,transformadoras
sanchez,ampliación
sanchez,espacios
sanchez,participación
sanchez,libertades
sanchez,públicas
sanchez,años
sanchez,posteriores
sanchez,término
sanchez,dictadura
sanchez,amenaza
sanchez,pérdida
sanchez,frágil
sanchez,democracia
sanchez,naciente
sanchez,conformando
sanchez,consolidando
sanchez,forma
sanchez,acción
sanchez,política
sanchez,nombre
sanchez,paz
sanchez,social
sanchez,gobernabilidad
sanchez,optó
sanchez,bloquear
sanchez,expresión
sanchez,diversidad
sanchez,social
sanchez,política
sanchez,país
sanchez,restringiendo
sanchez,agendas
sanchez,cambio
sanchez,privilegiando
sanchez,consenso
sanchez,expresión
sanchez,diferencias
sanchez,democráticas
sanchez,otorgándole
sanchez,fáctico
sanchez,grupos
sanchez,políticos
sanchez,empresariales
sanchez,querrán
sanchez,cambie
sanchez,camino
sanchez,proponemos
sanchez,correr
sanchez,años
sanchez,formas
sanchez,interacción
sanchez,altamente
sanchez,elitizadas
sanchez,consolidando
sanchez,naturalizando
sanchez,finales
sanchez,siglo
sanchez,diversos
sanchez,estudios
sanchez,dando
sanchez,acumulación
sanchez,creciente
sanchez,malestar
sanchez,sociedad
sanchez,chilena
sanchez,desafección
sanchez,distancia
sanchez,frente
sanchez,política
sanchez,manifestaba
sanchez,disminución
sanchez,creciente
sanchez,niveles
sanchez,participación
sanchez,electoral
sanchez,baja
sanchez,índices
sanchez,asociatividad
sanchez,incremento
sanchez,desconfianza
sanchez,social
sanchez,sueño
sanchez,recomposición
sanchez,comunidad
sanchez,política
sanchez,democrática
sanchez,lucharon
sanchez,miles
sanchez,chilenos
sanchez,chilenas
sanchez,opusieron
sanchez,dictadura
sanchez,quedando
sanchez,trunco
sanchez,primacía
sanchez,lógica
sanchez,mercado
sanchez,individualismo
sanchez,democracia
sanchez,débil
sanchez,década
sanchez,forma
sanchez,entender
sanchez,política
sanchez,democracia
sanchez,entrado
sanchez,crisis
sanchez,malestar
sanchez,creciente
sanchez,ciudadanos
sanchez,traducido
sanchez,desafección
sanchez,distancia
sanchez,derivado
sanchez,activación
sanchez,diversos
sanchez,espacios
sanchez,organización
sanchez,multiplicación
sanchez,protesta
sanchez,social
sanchez,movilizaciones
sanchez,defensa
sanchez,ambiente
sanchez,territorios
sanchez,frente
sanchez,voracidad
sanchez,económico
sanchez,multitudinarias
sanchez,expresiones
sanchez,estudiantiles
sanchez,defensa
sanchez,educación
sanchez,pública
sanchez,miles
sanchez,mujeres
sanchez,hombres
sanchez,expresado
sanchez,avances
sanchez,derechos
sanchez,mujer
sanchez,favor
sanchez,diversidad
sanchez,sexual
sanchez,patriarcado
sanchez,numerosas
sanchez,movilizaciones
sanchez,trabajadores
sanchez,buscan
sanchez,reponer
sanchez,justicia
sanchez,social
sanchez,imperativo
sanchez,múltiples
sanchez,muestras
sanchez,modelo
sanchez,político
sanchez,altura
sanchez,sociedad
sanchez,comienza
sanchez,perder
sanchez,miedo
sanchez,entiende
sanchez,necesidad
sanchez,soluciones
sanchez,colectivas
sanchez,enfrenta
sanchez,cotidianamente
sanchez,sistema
sanchez,político
sanchez,incapaz
sanchez,incorporar
sanchez,voz
sanchez,ciudadanos
sanchez,sistema
sanchez,político
sanchez,atrapado
sanchez,chantaje
sanchez,pequeña
sanchez,élite
sanchez,empresarial
sanchez,inmune
sanchez,demandas
sanchez,sociales
sanchez,construido
sanchez,cambie
sanchez,país
sanchez,sistema
sanchez,político
sanchez,altura
sanchez,sociedad
sanchez,dinámica
sanchez,compleja
sanchez,45
sanchez,camino
sanchez,proponemos
sanchez,confianzas
sanchez,depositadas
sanchez,élite
sanchez,mostraba
sanchez,única
sanchez,capaz
sanchez,gobernar
sanchez,chile
sanchez,comenzado
sanchez,demolerse
sanchez,manto
sanchez,oscuridad
sanchez,actuaron
sanchez,décadas
sanchez,comenzado
sanchez,develarse
sanchez,aparece
sanchez,convivencia
sanchez,político
sanchez,empresarial
sanchez,financiamiento
sanchez,ilegal
sanchez,cooptación
sanchez,ilegitimidad
sanchez,sistema
sanchez,institucional
sanchez,síntomas
sanchez,situación
sanchez,constituyen
sanchez,altos
sanchez,índices
sanchez,abstencionismo
sanchez,electoral
sanchez,elevan
sanchez,50
sanchez,ciudadanos
sanchez,habilitados
sanchez,votar
sanchez,pérdida
sanchez,legitimidad
sanchez,partidos
sanchez,políticos
sanchez,instituciones
sanchez,acerca
sanchez,mitad
sanchez,chilenos
sanchez,percibe
sanchez,sirven
sanchez,alto
sanchez,rechazo
sanchez,coaliciones
sanchez,políticas
sanchez,superior
sanchez,70
sanchez,baja
sanchez,evaluación
sanchez,instituciones
sanchez,públicas
sanchez,pérdida
sanchez,confianza
sanchez,instituciones
sanchez,económicas
sanchez,eclesiásticas
sanchez,predominio
sanchez,sensación
sanchez,gobiernan
sanchez,cambiar
sanchez,definitiva
sanchez,país
sanchez,vive
sanchez,situación
sanchez,contradictoria
sanchez,ciudadanos
sanchez,ciudadanas
sanchez,manifiestan
sanchez,disposición
sanchez,activa
sanchez,participación
sanchez,deliberación
sanchez,colectiva
sanchez,preocupación
sanchez,asuntos
sanchez,públicos
sanchez,sistema
sanchez,político
sanchez,capaz
sanchez,absorber
sanchez,múltiples
sanchez,voces
sanchez,ciudadanía
sanchez,adquiere
sanchez,carácter
sanchez,policromático
sanchez,discute
sanchez,participa
sanchez,reclama
sanchez,derechos
sanchez,atreve
sanchez,discusión
sanchez,componentes
sanchez,definen
sanchez,modelo
sanchez,político
sanchez,económico
sanchez,social
sanchez,cultural
sanchez,sistema
sanchez,político
sanchez,democracia
sanchez,siguen
sanchez,presas
sanchez,forma
sanchez,elitista
sanchez,restrictiva
sanchez,vive
sanchez,síntomas
sanchez,fatiga
sanchez,producen
sanchez,creciente
sanchez,deslegitimidad
sanchez,democracia
sanchez,blanco
sanchez,negro
sanchez,país
sanchez,lleno
sanchez,colores
sanchez,diversidad
sanchez,46
sanchez,camino
sanchez,proponemos
sanchez,distancia
sanchez,ciudadanos
sanchez,ciudadanas
sanchez,frente
sanchez,política
sanchez,chile
sanchez,democracia
sanchez,instrumento
sanchez,fija
sanchez,normas
sanchez,convivencia
sanchez,resolución
sanchez,conflictos
sanchez,forma
sanchez,interacción
sanchez,ciudadanos
sanchez,construyen
sanchez,marco
sanchez,diferencias
sanchez,legítimas
sanchez,igualdad
sanchez,deliberación
sanchez,país
sanchez,quieren
sanchez,3.3.2
sanchez,visión
sanchez,avanzar
sanchez,chile
sanchez,necesita
sanchez,repensar
sanchez,forma
sanchez,ejerce
sanchez,democracia
sanchez,necesita
sanchez,construir
sanchez,modelo
sanchez,gobernabilidad
sanchez,forma
sanchez,democracia
sanchez,élites
sanchez,políticas
sanchez,empresariales
sanchez,únicas
sanchez,invitadas
sanchez,producción
sanchez,acuerdos
sanchez,democracia
sanchez,necesarios
sanchez,consensos
sanchez,acuerdos
sanchez,garantizan
sanchez,estabilidad
sanchez,acordados
sanchez,ciudadanos
sanchez,ciudadanas
sanchez,cocina
sanchez,élite
sanchez,democracia
sanchez,madurar
sanchez,profundizarse
sanchez,garantizar
sanchez,estabilidad
sanchez,plazo
sanchez,democracia
sanchez,vive
sanchez,espaldas
sanchez,ciudadanos
sanchez,plena
sanchez,amenaza
sanchez,dramática
sanchez,estabilidad
sanchez,paz
sanchez,pueblos
sanchez,chile
sanchez,necesita
sanchez,resolver
sanchez,déficits
sanchez,democráticos
sanchez,democracia
sanchez,debemos
sanchez,capaces
sanchez,desprendernos
sanchez,temores
sanchez,atávicos
sanchez,democracia
sanchez,capaz
sanchez,discutir
sanchez,acerca
sanchez,fundamentos
sanchez,fines
sanchez,valores
sanchez,definen
sanchez,nombre
sanchez,estabilidad
sanchez,equilibrios
sanchez,renunciar
sanchez,ampliación
sanchez,espacios
sanchez,participación
sanchez,deliberación
sanchez,requerimos
sanchez,avanzar
sanchez,conversión
sanchez,modelo
sanchez,democrático
sanchez,47
sanchez,camino
sanchez,proponemos
sanchez,forma
sanchez,representativa
sanchez,elitista
sanchez,formas
sanchez,participativas
sanchez,permitan
sanchez,ciudadanos
sanchez,ciudadanas
sanchez,diversos
sanchez,espacios
sanchez,vidas
sanchez,sepan
sanchez,posibilidad
sanchez,intervenir
sanchez,vidas
sanchez,crear
sanchez,colectivamente
sanchez,chile
sanchez,imaginan
sanchez,necesario
sanchez,reconciliar
sanchez,ciudadanas
sanchez,ciudadanos
sanchez,sistema
sanchez,político
sanchez,escapando
sanchez,trampa
sanchez,señala
sanchez,capaces
sanchez,gobernar
sanchez,consentir
sanchez,democracia
sanchez,real
sanchez,partícipes
sanchez,democracia
sanchez,quepamos
sanchez,independencia
sanchez,ingresos
sanchez,importar
sanchez,mujeres
sanchez,hombres
sanchez,ricos
sanchez,pobres
sanchez,vivimos
sanchez,ciudades
sanchez,pueblos
sanchez,alejados
sanchez,democracia
sanchez,ciudadanos
sanchez,ciudadanas
sanchez,iguales
sanchez,contemos
sanchez,derechos
sanchez,capaces
sanchez,ejercerlos
sanchez,podamos
sanchez,juntos
sanchez,construir
sanchez,país
sanchez,justo
sanchez,hijos
sanchez,seguros
sanchez,vivir
sanchez,democracia
sanchez,deciden
sanchez,múltiples
sanchez,ejemplos
sanchez,sociedades
sanchez,imagen
sanchez,estabilidad
sanchez,acuerdos
sanchez,bullían
sanchez,conflictos
sanchez,sociales
sanchez,ignorados
sanchez,ofrecemos
sanchez,sentido
sanchez,aportar
sanchez,construcción
sanchez,democracia
sanchez,entiende
sanchez,única
sanchez,forma
sanchez,garantizar
sanchez,estabilidad
sanchez,democracia
sanchez,participación
sanchez,libertades
sanchez,derechos
sanchez,democracia
sanchez,colores
sanchez,democracia
sanchez,monocromática
sanchez,48
sanchez,camino
sanchez,proponemos
sanchez,3.3.3
sanchez,propuestas
sanchez,asamblea
sanchez,constituyente
sanchez,redefina
sanchez,pacto
sanchez,político
sanchez,social
sanchez,chileno
sanchez,vetos
sanchez,priori
sanchez,minoría
sanchez,opone
sanchez,discusión
sanchez,necesitamos
sanchez,superar
sanchez,institucionalidad
sanchez,heredada
sanchez,dictadura
sanchez,forma
sanchez,necesitamos
sanchez,restituyendo
sanchez,pueblo
sanchez,chileno
sanchez,soberanía
sanchez,sienta
sanchez,destino
sanchez,depende
sanchez,destino
sanchez,país
sanchez,destino
sanchez,país
sanchez,resultado
sanchez,decisiones
sanchez,proponemos
sanchez,asamblea
sanchez,constituyente
sanchez,ciudadana
sanchez,participativa
sanchez,vinculante
sanchez,origen
sanchez,carta
sanchez,fundamental
sanchez,necesario
sanchez,discutir
sanchez,hiper
sanchez,presidencialismo
sanchez,centralismo
sanchez,chileno
sanchez,ejecutivo
sanchez,concentre
sanchez,conjunto
sanchez,atribuciones
sanchez,iniciativa
sanchez,legal
sanchez,magnitudes
sanchez,presenta
sanchez,chile
sanchez,ejedecisional
sanchez,económico
sanchez,país
sanchez,encuentre
sanchez,concentradoen
sanchez,santiago
sanchez,requiere
sanchez,avanzar
sanchez,desconcentración
sanchez,distribuyéndolo
sanchez,legislativo
sanchez,territorios
sanchez,regiones
sanchez,espacios
sanchez,locales
sanchez,establecer
sanchez,mecanismo
sanchez,iniciativa
sanchez,popular
sanchez,ley
sanchez,norma
sanchez,países
sanchez,mundo
sanchez,incluyendo
sanchez,eeuu
sanchez,españa
sanchez,suiza
sanchez,argentina
sanchez,propuesto
sanchez,chile
sanchez,ofrece
sanchez,oportunidad
sanchez,real
sanchez,participación
sanchez,ciudadanos
sanchez,ciudadanas
sanchez,construcción
sanchez,participativa
sanchez,iniciativas
sanchez,legales
sanchez,camino
sanchez,proponemos
sanchez,conformar
sanchez,carácter
sanchez,plurinacional
sanchez,reconozca
sanchez,derecho
sanchez,autodeterminación
sanchez,pueblos
sanchez,indígenas
sanchez,marco
sanchez,país
sanchez,diverso
sanchez,incluyente
sanchez,proponemos
sanchez,sentido
sanchez,avanzar
sanchez,reconocimiento
sanchez,carácter
sanchez,plurinacional
sanchez,chileno
sanchez,estableciendo
sanchez,mecanismos
sanchez,representación
sanchez,parlamentaria
sanchez,pueblos
sanchez,indígenas
sanchez,reflejen
sanchez,carácter
sanchez,incentivar
sanchez,participación
sanchez,directa
sanchez,ciudadanos
sanchez,espacios
sanchez,locales
sanchez,construcción
sanchez,participativa
sanchez,presupuestos
sanchez,comunales
sanchez,necesario
sanchez,convertir
sanchez,presupuestos
sanchez,participativos
sanchez,práctica
sanchez,regulada
sanchez,vinculante
sanchez,sometida
sanchez,voluntad
sanchez,contingente
sanchez,alcaldes
sanchez,capaz
sanchez,decidir
sanchez,porciones
sanchez,relevantes
sanchez,presupuesto
sanchez,municipal
sanchez,50
sanchez,camino
sanchez,proponemos
sanchez,privilegios
sanchez,autoridades
sanchez,representantes
sanchez,políticos
sanchez,disminuir
sanchez,sueldos
sanchez,altas
sanchez,autoridades
sanchez,asesores
sanchez,estatales
sanchez,incluyendo
sanchez,dieta
sanchez,parlamentaria
sanchez,revisión
sanchez,distintas
sanchez,asignaciones
sanchez,razonable
sanchez,proponemos
sanchez,limitar
sanchez,elección
sanchez,indefinida
sanchez,autoridades
sanchez,políticas
sanchez,endurecer
sanchez,sanciones
sanchez,prácticas
sanchez,vinculadas
sanchez,financiamiento
sanchez,ilegal
sanchez,política
sanchez,conflictos
sanchez,interés
sanchez,democracia
sanchez,incompleta
sanchez,capaz
sanchez,reconocer
sanchez,diversidad
sanchez,país
sanchez,proponemos
sanchez,sentido
sanchez,darle
sanchez,urgencia
sanchez,reconocimiento
sanchez,identidad
sanchez,género
sanchez,matrimonio
sanchez,igualitario
sanchez,componentes
sanchez,indispensables
sanchez,reconocimiento
sanchez,jurídicode
sanchez,diversidad
sanchez,opciones
sanchez,vida
sanchez,chilenos
sanchez,chilenas
sanchez,democratizar
sanchez,sociedad
sanchez,implica
sanchez,recuperar
sanchez,soberanía
sanchez,vidas
sanchez,entendemos
sanchez,aborto
sanchez,mecanismo
sanchez,interrupción
sanchez,embarazo
sanchez,disponible
sanchez,mujeres
sanchez,privilegiadas
sanchez,puedan
sanchez,decidir
sanchez,cuerpo
sanchez,perspectiva
sanchez,derechos
sanchez,reproductivos
sanchez,compromiso
sanchez,promover
sanchez,derecho
sanchez,planificar
sanchez,vida
sanchez,familiar
sanchez,expectativas
sanchez,recursos
sanchez,socialización
sanchez,deberes
sanchez,cuidado
sanchez,participemos
sanchez,crianza
sanchez,entorno
sanchez,legal
sanchez,adecuado
sanchez,enfrentar
sanchez,procesos
sanchez,vida
sanchez,laboral
sanchez,educacional
sanchez,51
sanchez,camino
sanchez,proponemos
sanchez,3.4
sanchez,repensar
sanchez,sistema
sanchez,tributario
sanchez,3.4.1
sanchez,visión
sanchez,avanzar
sanchez,establece
sanchez,principios
sanchez,proceso
sanchez,construcción
sanchez,programática
sanchez,frente
sanchez,amplio
sanchez,compromiso
sanchez,gastos
sanchez,fiscales
sanchez,naturalmente
sanchez,resultar
sanchez,expansión
sanchez,derechos
sanchez,sociales
sanchez,descrita
sanchez,adecuadamente
sanchez,financiados
sanchez,ingresos
sanchez,fiscales
sanchez,permanentes
sanchez,convencidos
sanchez,sistema
sanchez,tributario
sanchez,recaudar
sanchez,recursos
sanchez,empresas
sanchez,personas
sanchez,mayores
sanchez,ingresos
sanchez,estructura
sanchez,tributaria
sanchez,transitar
sanchez,camino
sanchez,similar
sanchez,recorrieron
sanchez,países
sanchez,desarrollados
sanchez,impuestos
sanchez,forma
sanchez,mejorar
sanchez,distribución
sanchez,ingreso
sanchez,nivel
sanchez,aumento
sanchez,gastos
sanchez,ingresos
sanchez,permanentes
sanchez,proponer
sanchez,país
sanchez,frente
sanchez,amplio
sanchez,resultado
sanchez,proceso
sanchez,programático
sanchez,describimos
sanchez,fuentes
sanchez,ingresos
sanchez,fiscales
sanchez,candidatura
sanchez,buscamos
sanchez,promover
sanchez,52
sanchez,camino
sanchez,proponemos
sanchez,3.4.2
sanchez,propuestas
sanchez,aumento
sanchez,tributos
sanchez,empresas
sanchez,explotan
sanchez,recursos
sanchez,naturales
sanchez,particular
sanchez,cobre
sanchez,impuestos
sanchez,pagado
sanchez,minería
sanchez,históricamente
sanchez,bajos
sanchez,casos
sanchez,inexistentes
sanchez,contrasta
sanchez,descomunales
sanchez,ganancias
sanchez,ciclo
sanchez,precios
sanchez,altos
sanchez,proponemos
sanchez,cabo
sanchez,cambio
sanchez,tributario
sanchez,logre
sanchez,recaudar
sanchez,ingresos
sanchez,forma
sanchez,significativa
sanchez,años
sanchez,precios
sanchez,altos
sanchez,desintegración
sanchez,tributaria
sanchez,aumento
sanchez,contribución
sanchez,multimillonarios
sanchez,avanzar
sanchez,desintegración
sanchez,tributaria
sanchez,empresas
sanchez,paguen
sanchez,efectivamente
sanchez,impuestos
sanchez,configurando
sanchez,sistema
sanchez,empresas
sanchez,paguen
sanchez,impuestos
sanchez,proporción
sanchez,creciente
sanchez,niveles
sanchez,utilidad
sanchez,término
sanchez,exenciones
sanchez,tributarias
sanchez,mecanismos
sanchez,contabilidad
sanchez,simple
sanchez,regresivas
sanchez,serie
sanchez,mecanismos
sanchez,permiten
sanchez,empresas
sanchez,disfrazadas
sanchez,pequeñas
sanchez,pagar
sanchez,impuestos
sanchez,corresponde
sanchez,compromiso
sanchez,cerrar
sanchez,puerta
sanchez,mecanismos
sanchez,53
sanchez,camino
sanchez,proponemos
sanchez,reducción
sanchez,partidas
sanchez,gasto
sanchez,público
sanchez,reducir
sanchez,transparentar
sanchez,gasto
sanchez,militar
sanchez,país
sanchez,ley
sanchez,reservada
sanchez,cobre
sanchez,proponemos
sanchez,derogar
sanchez,promoveremos
sanchez,diplomático
sanchez,regional
sanchez,plazo
sanchez,disminución
sanchez,gasto
sanchez,militar
sanchez,rubro
sanchez,revisión
sanchez,justificación
sanchez,pertinencia
sanchez,subsidios
sanchez,empresa
sanchez,particular
sanchez,impacto
sanchez,negativo
sanchez,ambiente
sanchez,sucedido
sanchez,rubro
sanchez,forestal
sanchez,gasto
sanchez,destinarse
sanchez,urgencias
sanchez,sociales
sanchez,modernización
sanchez,procesos
sanchez,administrativos
sanchez,permita
sanchez,digitalizar
sanchez,optimizar
sanchez,eficientes
sanchez,procesos
sanchez,burocráticos
sanchez,proponemos
sanchez,revisar
sanchez,forma
sanchez,contratación
sanchez,sector
sanchez,público
sanchez,reducir
sanchez,espacio
sanchez,ejercicios
sanchez,clientelares
sanchez,corruptos
sanchez,facilitando
sanchez,transparencia
sanchez,control
sanchez,ciudadanos
sanchez,54
